album_uri,album_name,release_date
3hW1TEeZRJ01XycQFABjj9,Chopin - Piano Works,2005-06-22
7kGObwwRrq6pgj9MwSu4Qx,Chopin Nocturnes,2010-03-15
5MyejkHGSoo5IfTum4VMiw,Benjamin Grosvenor: Chopin Liszt Ravel,2011-01-01
5GogZxTGjrQ72jGSpXLLt9,Chopin: Nocturnes Vol. 1,1999-05-19
2aoSpTAjFaMvaZeruqnCVv,Chopin: Nocturnes,2005-01-01
7k54RTWZdOVQqMR5torR0n,Chopin: Nocturnes,2018-10-05
3zHkuOkUqIgRwCcVnbX9qf,Chopin: Nocturnes,1982-01-01
0ylbO515jtrovpxr1drKdF,Lang Lang: The Chopin Album,2012-10-22
7y3AsSZqsPwODemRGCpnLZ,Chopin: Nocturnes,2017-09-01
7LKfwOdLM3y0lk4LSARD5t,Chopin The Complete Nocturnes,2018-03-05
5sJtW03dyXYGzd7WRqT4Zk,Chopin: The Nocturnes,1996-01-01
0lrM7kR5o7iqkajLKIlzRg,Chopin: Nocturnes; Four Ballades,1997-01-01
4Lq2ben6ERqYOQB1PM5QfB,Chopin: The Nocturnes,2010-03-01
3H71tUq3RndNDXUCBSEl2N,Chopin: Nocturnes,2019-09-27
0FP9XagwY9S38aFqtqYJGC,Chopin: Nocturnes Vol. 2,1999-05-19
79PyvavDl8c4wvVZ0OpTkr,Space Oddity (Single Edit) [2019 Mix],2019-07-12
48D1hRORqJq52qsnUYZX56,The Rise and Fall of Ziggy Stardust and the Spiders from Mars (2012 Remaster),1972-06-06
4I5zzKYd2SKDgZ9DRf5LVk,"""Heroes"" (2017 Remaster)",2005-05-30
72mfhbEsMtXR6s7v9UhKe3,Diamond Dogs (2016 Remaster),1974-05-24
6m9cpSfRCYltkhxl23wq0j,Five Years (1969 - 1973),2015-09-25
37KYBt1Lzn4eJ4KoCFZcnR,Let's Dance (1999 Remaster),1983-04-14
6fQElzBNTiEMGdIeY0hy5l,Hunky Dory (2015 Remaster),1971-12-17
1ay9Z4R5ZYI2TY7WiDhNYQ,David Bowie (aka Space Oddity) [2015 Remaster],1969-11-04
6frjpRu2P0fdF9xSS9stjY,Glastonbury 2000 (Live),2018-11-30
3HZKOk1knxrUU3y5ZIOdbz,Aladdin Sane (2013 Remaster),1973-04-13
0lITGovWgaQGi42EfqcE5P,Young Americans (2016 Remaster),1975-03-07
0MWrKayUshRuT8maG4ZAOU,Station to Station (2016 Remaster),1976-01-23
5fxvWHvIDPIALfTfRiwyB0,Scary Monsters (And Super Creeps) [2017 Remaster],2005-06-02
2de6LD7eOW8zrlorbS28na,Low (2017 Remaster),2005-05-30
4TgYOJ8IgQlGUh4O2goVJ5,Let's Dance (Nile Rodgers' String Version Radio Edit),2018-11-16
2w1YJXWMIco6EBf0CovvVN,Blackstar,2016-01-08
2PEAajl89bIS4eWMk7zlbV,Best of Bowie,2002-10-21
16F7X7WOFZhMwQNsMil7lq,The Next Day,2013-03-08
79EPGP6VA65fDFs4fgFpel,Hours... (Expanded Edition),1999-09-29
71nxmbr3tHAVyvdHXc0ltd,Pinups (2015 Remaster),1973-10-19
0x0rVyhppIuVdrHmlB15bn,Tonight (1999 Remaster),1984-09-01
0Kzazpd1bFvj1s4kKRJ2ox,Never Let Me Down (1999 Remaster),1987-04-27
6cideQBTEM8b6pQ40OHQ2P,Heathen,2002-06-11
0S5nxDIEprOH23QeDoMeFK,Lodger (2017 Remaster),2005-06-01
1ffVrnHH8i2POp5M7AzEDi,Buddha of Suburbia,1993-11-08
4yRoLvuzNxFDdodNNrZAEM,Earthling (Expanded Edition),1997-01-30
04bKxe1Y7WFw4yrDPlmswG,Reality,2003-09-16
0pUursvGUAgcDiEqYlnZ0q,1. Outside (The Nathan Adler Diaries: A Hyper Cycle) [Expanded Edition],1995-09-26
1pOR2tIMQZ30GNCVz4TkFp,VH1 Storytellers (Live),2009-07-06
1yFItZkb7DBAkQ5RB8OJv9,Black Tie White Noise,1993-04-05
5zvy6zyWxnUUyNKnTOVrad,Sound + Vision,1989-09-19
0FjFEuKt6CoUiY73DMdK5N,David Bowie,1967-06-01
4h9rWFWhgCSSrvIEQ0YhYG,The Man Who Sold the World (2015 Remaster),1970-11-04
4YfMtOTb3PcIbv5VI6zibX,Absolute Beginners,2005-06-08
5CeaUy7mAbMw3nMI3ezmie,Nothing Has Changed (The Best of David Bowie) [Deluxe Edition],2014-11-14
2RgLZn9d5JPBTC4dinpLio,Live in Santa Monica '72,1994-04-25
29zyqYXwLn4nNTPkRNSOuJ,Game of Thrones: Season 6 (Music from the HBO¬Æ Series),2016-06-24
4BeqCe1wUbHgAQTZmLebed,Game Of Thrones (Music from the HBO¬Æ Series) Season 3,2013-06-04
5P9JZJW0itEaDK5RfWiSuZ,Game Of Thrones (Music From The HBO Series),2011-01-01
14q9lJREk3hPGHbgHTnW4z,Game Of Thrones (Music from the HBO¬Æ Series) Season 5,2015-06-09
303YQyVGyblp2CxcSUaeA2,Game Of Thrones: Season 2 (Music From The HBO Series),2012-01-01
5WEgbJCIIRPwH0sFxuJ9js,Game Of Thrones: Season 4 (Music from the HBO¬Æ Series),2014-06-10
3GFHA63Ur7kFMqa0NcyJw6,Game Of Thrones: Season 7 (Music from the HBO Series),2017-08-25
1R84K6JjaRkDManyCbpTzj,The Night King (From Game Of Thrones: Season 8) [Music from the HBO Series],2019-04-28
1R6GYgEbpObUZC2btPQlqB,Jenny of Oldstones (Game of Thrones),2019-04-22
4p3rHiPRhDwt1PgqWsk3D7,Pokemon Red & Blue Game Boy Classics,2014-03-26
3idVAxtkeLdYWLdbHwhgP2,Pokemon Sun & Moon,2016-12-21
2o5H0JW27CbUPMLr5w21ES,Pokemon Gold & Silver Game Boy Classics,2015-01-14
338y2GH9YqyTXw3YeAJxiX,Pokemon X & Pokemon Y,2016-09-16
4MIurDIeVRTb3ulz64bNAH,"Theme (From ""Pokemon GO"")",2016-08-23
0DRKbLspSbgo2L5J1ErrAz,Pokemon GO,2016-09-06
58aa6woNbx08lGipTl9od0,Hoenn Regi Trio V.II (Remix),2017-09-07
08IoU6gFjYC0XXv3xwRwjd,Ultra Necrozma Battle (Remix),2018-02-19
3m7sYYoCS746EgiEOcZOVU,Intense Symphonic Metal Covers: Metal 'Em All,2017-08-08
0zDLSiCBakHjqo1vxIjptZ,Gladion,2017-01-02
3K2xbzBVFLmQ1659nosECb,Pokemon Reorchestrated: Time Capsule,2016-06-07
4AvgapYyhMzQPJBaK1mDgr,Pokemon Reorchestrated: Hoenn Summer,2015-08-15
5NVGsbutBscB5xn6ZLXPY5,Pokemon Battle,2013-12-24
0T8uPKINmIc00nkA9kjxai,Ultraball,2017-12-15
7siyLyX5HmMdU0HJl700eV,Alola That Jazz,2017-02-04
6Psvp4km9sWcIH34SaNqzq,"Gerudo Valley (From ""The Legend of Zelda Ocarina of Time"") [Original]",2019-06-12
6OQXBWSqBHF8A0VfOXG2Xh,The Legend of Zelda: The Twilight Princess,2014-12-02
648Gj2GxHTmEmOkYQehpes,The Legend of Zelda: Piano Solo,2015-07-17
0TyIuRUSHgj0JLsMeosAZl,"The Twilight Princess Collection (Theme Songs from ""the Legend of Zelda"")",2015-05-18
47dITogO3tUYNGEEe2IDhG,The Legend Of Zelda: Breath Of The Wild Flute & Piano Collections: 57 Tracks For Flute & Piano (Deluxe Edition),2017-11-23
2BOQH1VufNUH9thJBAaobV,"Open Treasure Box (From ""The Legend of Zelda Ocarina of Time"") [Original]",2019-06-11
0uWXMmlzaODbH3MB1CNhAn,Year 4,2020-02-11
5OLju6VznOPxJk5s62YS0k,"Melodies of Hyrule: Music from ""The Legend of Zelda""",2013-11-20
2zVKVgLD1GXRSytuFMp9pD,The Legend of Zelda: Breath of the Wild,2020-03-23
0EN1gAz91UMiqqBYj1NqC6,The Greatest Video Game Music 2,2012-11-06
4cfcJMo8tq3yg2uX5DLXoJ,The Legend Of Zelda: Breath of the Wild Soundtrack Selection (26 Tracks for Flute & Piano),2017-06-23
6CN9dnwE7EzSZfjYEtUx5r,Zelda: Link's Ocarina Orchestrated,2013-08-26
0cGrxmeeS0hVekf8E7tZtO,Piano/Instrumental Works: Video Game Themes - Volume I,2014-03-14
7HmxBiDH7CLcrKh5lcUZ9n,The Legend Of,2014-08-29
0jiHeTeCJwVvm422aY4KDr,The Legend of Zelda: Breath of the Wild,2017-03-01
1pVbOa4e8CTPDWrJ3VNRwd,Majora's Mask Orchestrated vol.1,2015-08-29
3ztfiVh2BebUW3BpFNMqXo,Wesley Sprayue | Piano Arrangements from 2013,2013-12-20
4SzGEF5UtebL0ZUa3ZloiD,"Stables (From ""The Legend of Zelda: Breath of the Wild"")",2017-03-09
5riucukuIDOR8dJrBBehaQ,Zelda: The Legendary Themes Vol. 4,2019-11-15
2b9daOaMCfRAJD2xFUX6PD,Level 6,2018-12-07
5zFkQHvRimPKxjwDwkkeNL,The Legend of Zelda - Best Soundtracks (Majora's Mask Ocarina of Time a Link to the Past the Wind Waker and More),2013-01-09
1CJL8wGDOQUQNjaKVWttFU,The Legend of Zelda: Breath of the Wild for Piano,2005-07-09
2UGmdtMnIlUMiXryHZ8StP,40 Classic Video Game Songs,2015-01-17
3fTR60L39OTUrhaMVs46Eu,The Legend Of Zelda Series: The Very Best Soundtrack Selection (For Flute & Piano Duet),2017-09-01
3HMKaMmIqDLvbbZ7PVDW9z,The Legend of Zelda: Twilight Princess Instrumental Remix,2016-08-01
1QEY5qHCjuOKg9AaMMCGno,VGM Violin: Easy Mode,2018-09-25
5eI806Rq3LAIsdDIQTr3vJ,Ocarina Of Time Symphony,2016-02-17
56i919caYEeEH3HXQJ0EXe,The Legend of Zelda: Breath of the Wild (For Piano),2005-06-22
2XRtinCGJybF1RxuQL8r0w,Fairy Fountain,2019-06-01
7LFhwsI2JTdLVczsBwDB3c,Legend of Zelda Skyward Sword Instrumental,2016-04-15
5rryjXO8VCACUNy5L7yH0v,The Very Best 'Legend of Zelda' Series Videogame Music for Piano Solo: 50 Classic Tracks,2016-06-07
7H8FCfjRwOmpV6bOZT5Dkn,Majora's Mask Orchestrated Vol. 2,2018-06-19
11OAKsancLfnIl84c204RU,Dragon Roost Island,2018-01-29
01JIbl6c2Q8JN0hAFl6nkb,Zelda Vol. 2,2016-03-11
7y7Gi0CaouULCJMBgWWn6v,Knight's Academy,2014-09-25
1CXjjrV1w94ovHDrE7n6OV,Spindash 3,2018-11-30
0F64g7rDH1jsy8rm8zBl9Q,SONIC THE HEDGEHOG CD Original Soundtrack (20th Anniversary Edition),2011-11-23
3bBCofH4VxHokZ6fRCgbGx,The Greatest Video Game Music,2011-11-18
0KFS48gkLprloOWf0pGFf5,Bomber Blue / Gallant Green,2009-12-18
0PmpbHFL9NpkXiaOUwdph3,"Overworld (From ""Super Mario Bros. 2"")",2017-07-20
2QJMIWfkJUNDj982jGZ8nJ,"Super Bell Hill (From ""Super Mario 3D World"")",2019-06-27
5nTdFpRkYTmkYGOfZWmvyS,A Melancholy Tribute To The Legend Of Zelda: Ocarina Of Time,2014-09-23
2aZFZgu9f8qDdOR2wpr6R0,8-Bit Nes Top 50 Vol. 1,2014-03-21
2Wf3G8ACBXfQvA3YXRR7vO,The Mario Brothers Collection Vol. III,2014-03-14
7kORCSvVqeQ2wp5FqFIV5c,Sonic The Hedgehog Vol.1,2014-07-25
0Ey7KCOATqGdZtTluH5ab8,Sonic The Hedgehog Vol.2,2014-08-01
0PhYMxGybuFnW85RYzLcDc,Friends,2017-08-14
3wQrycwbxBmfFZRVAcqr58,Bob-Omb Battlefield (Original),2019-05-16
7zYb5jeUJiLGvaY5lfXgQr,Mario Music 1-1,2014-11-21
0oI62zS46c7zIHMj7BJyBv,Donkey Kong Country Vol.1,2014-07-25
51351RXggksqhMIJPS8P26,The NES Collection,2015-05-22
4UCqEdUCf0k8YiPypDKi8w,"Birabuto Kingdom (From ""Super Mario Land"")",2018-08-09
4WdewqeyNfGBSwvbnPTJEj,Year 3,2019-07-15
0RlYYQbOJLJyK96DCkxq0d,Year 5,2020-08-03
33OCcnQFpghOyV3qRNqaNI,101 Game Themes,2013-09-30
7bLcQfPDmpC2g604XVJwyV,"Waluigi Pinball / Wario Stadium (From ""Mario Kart DS"")",2018-04-27
4se1apOObuPAMnj3Ip4qgb,Slide (Original),2019-05-15
3Gt7rOjcZQoHCfnKl5AkK7,Minecraft - Volume Alpha,2011-03-04
3DCxmnz8RuBOkwITe6PSpl,Checkpoint,2016-05-23
6ShcEDCEnizdXbYfoF8FuS,Non-Stop Music Selection (Vol.2),2020-05-27
2IiJ2cDf72PIreqnE6RdS2,Year 6,2020-09-10
4Z7BT9jg4Y1PNua1YlVbzd,Super Mario Games Hi-Fi Versions Vol. 2,2020-11-05
00tatxf2K0BEHHAlNWb2m4,Cheat Codes,2014-04-21
5P0jvMW7BHMGhJgCpKcWdT,New Game,2014-02-10
1W4ckQXI5UVs7DV6dkmfz5,Final Boss,2015-06-26
4ToSuypDacQJcxh8amVkwX,Super Mario Galaxy Collection,2015-10-26
3ajZg6cB2bjKzDYZ3qcav2,Mega Man Soundtrack (Vol. 2),2014-06-24
2mYe44Z40Ifv5UsDkuU96N,Mega Man 3 Sound Collection,2005-07-04
43gGIJgNG6pnWBSxR6G6Tu,Mega Man 4 Sound Collection,2005-07-04
3od7I1nxPZApQYdZTXvptU,Mega Man Vol. 3,2005-07-06
2p0EQfK9hrC0Ae3A12QfVL,This Wild Darkness (Edit),2018-02-26
0t4ItMJbYMYLzvEO7tzt0B,Play & Play: The B Sides,1999-05-17
56kI0i0Zght0OYNwFwJL50,Go (Remixes),1991-03-13
5MiL1RXRXGXETgZ2LjaG0U,18 & 18 B-Sides,2002-05-02
4nM6DJZsiTXUjWVVVKOIzc,Mere Anarchy (Edit),2018-01-29
2UGZoHiNl2bDZyHIbaQ9Vo,Tomorrow Never Dies,1997-01-01
5vxdslpi1y9w7lyW3fkhen,Hotel,2005-03-22
4Sd6KYdC7iet72fptL9BY7,Innocents,2013-09-30
2z2RXK8wxFYfHWY49sNOfi,Destroyed [Deluxe Edition],2011-11-15
3XsGQHbPWblti128V5C3QR,Everything Is Wrong,2005-06-17
2DA5ab2rZRBdAV35J3Rs2g,iTunes: Live from Montreal,2010-03-02
3Aw6wlxCHzSziC4ZNaF4Vd,Last Night (Bonus Tracks Edition),2008-03-31
1VCCsDs5h1Lc3uEyRrLCMS,Songs 1993 - 1998,2005-06-22
6oxcPbRkbyO0O65LM7tSs3,Wait For Me (Deluxe Edition),2005-07-01
3odtsxIywNIQBqlP7UFyv4,Moby,1992-07-27
7nMTvEofoasN8gDL9MCnvY,"Kaepora Gaebora (From ""The Legend of Zelda: Ocarina of Time"")",2018-04-06
7H0g4lCxIkwH0ckSwBaA6b,"Gerudo Valley (From ""The Legend of Zelda: Ocarina of Time"")",2017-06-22
6cso02wTnX7SSHM87LOF2L,The Legend of Jo 2017,2018-02-14
09WCbxhecUiDpKO9m5zIs0,Song of Storms,2018-01-07
0Nd9VaeZpY5uVn0clVYYLG,Guardian Battle,2017-06-02
568MPwfAm8xDHznEJhGOXM,The TRIFORCE of BASS,2012-09-05
4MnZWBPw0vCrIa0rFCQwqD,Wisdom (Zelda's Lullaby),2016-12-30
5lljDhPzuEkDLzRBfqoKtU,Gerudo Valley Theme (dj-Jo Remix),2014-05-13
7v4fD1FRo0PZjczMe04qQc,"Legends of Hyrule (From ""The Legend of Zelda"")",2018-06-30
1LLG8cDvHZ8GUtUfKtpoEy,"Prince Sidon (From ""The Legend of Zelda: Breath of the Wild"")",2017-09-28
3o6Lh4Ar9wH4wIFVTvk8ta,"Hyrule Field (From ""The Legend of Zelda: Ocarina of Time"")",2018-08-23
1jCSiF0aawEHYtnkZg2qct,Breath of the Wild,2017-07-19
0WFwmxC6tV1qFojygiMikm,The Legend of Jo 2014,2014-12-10
2alV6BwjPsRfsmIw9AXfhZ,"Kass' Theme (From ""The Legend of Zelda: Breath of the Wild"")",2017-03-18
3oNO1P0Qlr4oSlMA2MIj67,Zelda & Chill,2018-09-14
0jaP4GV0ihQZC1Oc8PY1n2,The Hylian Adventure,2014-02-22
2fVoMCmIU7YyPGQfaByFhf,The Legend of LoFi,2018-05-04
19Lx0zADKbB1zZGUzivhQU,Volume IV,2018-03-30
3W4npxL7fInh2TEdpWKJ7u,Link / Zelda,2017-03-03
0Zeof4msrhmY3T0waZ1jqO,Link to the Future,2015-03-24
1KY3HjAYjxyG6yHJle1nyG,"Zelda Remixed: Music from ""The Legend of Zelda""",2018-07-25
1lz6uLfRHL80m94JpOliGU,The Legend Of Zelda,2011-05-27
0PbuUi6ZGD8K3WfmMVfCXU,"Gerudo Valley (From ""The Legend of Zelda"")",2016-11-25
5aXBsujeIC2mqXMNjFJq9r,"Lost Woods (From ""The Legend of Zelda: Ocarina of Time"")",2018-02-17
6qWgkGN5hO1jtuHiCHxRLz,Bagu and the Riverman,2005-07-03
1QepoevwdD4byxMd0EARe7,Great Fairy Fountain (dj-Jo Remix),2016-01-08
61nOYY9apPZ12waKide2Ou,"Song of Storms (From ""The Legend of Zelda: Ocarina of Time"")",2017-10-07
1zeb8TiFjlxIayS5i3BrFt,"Song of Storms (From ""The Legend of Zelda"")",2017-07-15
5Odhcl9ugP0B4hr70sRdR5,Calling the Four Giants,2016-02-06
7vjcyEMSSUda8NTTOsn9X7,Midna's Lament,2016-03-21
4YSiFrPlhGNeDLz9WgoNRW,"Dragon Roost Island (From ""The Legend of Zelda: The Wind Waker"")",2018-07-12
5sbtU0qMBF6DxxL782W5ja,Link to the Future,2015-07-28
0F8IoDAHYxTAGIFNocD9GM,MeowMeow & BowWow,2013-09-05
3F2c8KXIKZDtavmjePIEIc,Triforce,2018-01-23
2A5RvrpeiNZZvmHkGJcrMt,"Prince Sidon's Theme (from ""The Legend of Zelda: Breath of the Wild"")",2017-07-10
74gnt0uhP5qVSbx7M2HRBS,Adventures,2015-06-12
4bvqaaSZcZXFXtTaW40rSa,The Legend of Jo 2018,2018-12-12
0OYSZ9sO67xDEqNV5ovIn2,"Breath of the Wild (From ""The Legend of Zelda: Breath of the Wild"")",2018-12-08
7psbbqKF9mJWHLqedHXwVl,Song of Storms,2017-10-27
1YeoCr62HMqLWDnPXwAZXq,"Zelda Dubstep Rap (From ""Zelda: Breath of the Wild)",2017-05-16
0HSY0oHhRQdVqfcWDJZ4mw,"Fairy Fountain (From ""The Legend of Zelda: Ocarina of Time"")",2019-01-25
0xypf3VpU49xuHBRRedACh,"Lost Woods (From ""Legend of Zelda"")",2019-04-12
5Acu5iQE33GBkFYIy0HssM,"Kakariko Village (From ""The Legend of Zelda: Ocarina of Time"")",2019-04-20
6wanHHPMg3OcfHlLjQEYxC,Song of Storms,2019-03-17
4Dk2bVGEgtTMdBQKKiTHrb,Ocarina of Time,2017-06-01
2NpVbhbj0l3rfgSOWeSBRX,Twilight,2016-05-24
7ystixpzUKJUw78595bAL9,"The Adventure of Link (From ""Zelda II: The Adventure of Link"")",2019-05-31
1ejIw0hyZHoS0g2fDhDZkc,Great Fairy Fountain,2019-05-26
5Sn2BRnHPvrTXoqV26bvlQ,Magic Hag's Pharmaceuticals (Zelda Majora's Mask Remix),2016-05-26
4EEARB83w5xeWQmYvaXJIR,"Sword Search (From ""The Legend of Zelda: Link's Awakening"")",2019-07-26
2Y4AGSHlp9rsWQs2h9wP8q,Saria's Song,2018-10-19
3bS3phr5HcKRUbVy5Tgbz3,"Tal Tal Heights (From ""The Legend of Zelda: Link's Awakening"")",2019-06-07
5GKilVqHcoONeEQaktYY1L,Ben Drowned (Remastered),2017-10-20
572boVLnlVIpAk3SznHxCx,"Mabe Village (From ""The Legend of Zelda: Link's Awakening"")",2019-10-04
4VYFybhuub1cax4V8hIwPu,"Hateno Village (From ""The Legend of Zelda: Breath of the Wild"")",2019-10-31
2SMfxhtyzhOytw9ClnfLQ7,The Legend of Jo 2019,2019-12-06
7a5EsEbCeCHMpNmVyAkAKr,Rito Village (Lo-fi Edit),2019-07-16
3PeWDrXlXk9utHaK2CpEgT,Super Lofi World,2019-10-18
5muSVZ9l8eLO8gUaQjwosa,Midna's Lament (Legend of Zelda),2019-11-15
10JJxSCNlHDlipugpzlHTA,"Fairy Fountain (From ""Legend of Zelda"")",2019-11-29
4Z4C0okUY7nhQIpxOiKEWn,Song of Storms (Lofi Mix),2019-11-08
1mkM800LCiQjBiQcB5HaIN,Hateno Village,2020-02-07
68vXdi8COlXqxPW4nBgG5b,"Zelda's Lullaby (From ""The Legend of Zelda: Ocarina of Time"")",2020-01-30
5fgXY3YTR4TShCci4UFZlR,LoFi of the Goddess,2020-02-21
5NI55XNEPZPE8OhnbfDkM6,Goddess (Zelda's Lullaby),2020-02-11
2E3UJcOPuu8SrXUS6WCe5p,"Ballad of the Wind Fish (From ""Link's Awakening"")",2019-10-11
4BFnhIdFrszcn9nGMFkwK4,Zelda Vol. 01,2020-05-08
2LEdTHJC75RFZkEI0Jmgi2,Ocarina of Chill,2020-03-27
4TeZZfbu3rbifAjwiAAEq8,Legend of Synthwave,2020-04-17
5Ttt5Y8871Z6VlkeVEq9x9,"Tail Cave (From ""The Legend of Zelda: Link's Awakening"")",2020-06-05
79mOuwwpjDGrHapRLk6i85,Gate of Time (The Legend of Zelda: Skyward Sword),2019-02-08
6mP1OvadVhc6L4LGXZfqE9,Dreamland,2016-12-16
1gEJbnKYrPGWlsOMwP6MBo,Life in the Ruins,2019-07-29
2uBL93p7jV8nK9KAh4tpZL,Divine Beats,2017-12-03
2fdwLTt8ZepTZVCjzhAshI,Retro'd 2,2018-03-07
4LdgephVnbhNJ6VIQtLwRt,Lost Woods (Chill Remix),2018-07-07
0N0noai9OQs1rYEaS47vJw,Zelda & Chill 2,2020-11-13
1hTboA2wwmtTpO52sCOsjE,Video Game Music 2019,2020-10-23
55ZvhYeC5FZ6VtetqJNTqY,Zora's Domain (Zelda),2020-10-09
6LTPNWLZDDgLwYbFvrLa1C,Super Lofi World 2,2020-10-01
3J3GoQ0jbXl2ma8vhe8kHl,"Sanctuary (From ""The Legend of Zelda: A Link to the Past"")",2020-10-02
4ug4ktSFhisTatqDShUdAR,Chilltendo,2020-09-01
0PumA0vDgt2KioHnzDUjMV,Kakariko Village,2020-08-26
4YyULs7uo1BiFeWkALrC2U,"Hyrule Castle (From ""The Legend of Zelda: A Link to the Past"")",2020-09-11
1RM6MGv6bcl6NrAG8PGoZk,Confessions (Expanded Edition),2004-03-23
6gkwOLmk0ALMOjWs5WhAEr,In My Own Words,2006-01-01
49gaz5rhWWgqCw61M9700v,Chris Brown (Expanded Edition),2005-06-27
6Lq7nLkIq7C0zVJp0OGSGO,Street Love,2007-01-01
52q9xNv8COtSU9phlbO5sg,Because Of You,2007-01-01
1Ypwht853ZVmsplg2DnZLI,Back Of My Lac',2007-01-01
6TqRKHLjDu5QZuC8u5Woij,The Diary Of Alicia Keys,2003-12-02
6dTn9vJSxVTIGm4Cu5dH4x,Year Of The Gentleman (Bonus Track Edition),2008-01-01
4qqrq2LYJYvKOV5Xrcajvp,Turning Point,2004-12-06
23heJEeNSmPytB3UpSJ3iD,Go,2007-12-11
6kzoWb4UzvKYgbDfAwgaFq,Konvicted,2006-01-01
6vnUL0NxqV1JrBvYW1M2wn,Trey Day,2007-10-01
5yZReyaWQzR6jvaw4OBxzV,Lovehate,2007-01-01
248cu9M1nYCijfXswwZ8uW,Forever,2008-04-29
3JSWZWeTHF4HDGt5Eozdy7,Good Girl Gone Bad: Reloaded,2008-06-02
5BGzOpea6At0Nd7tYtYZOP,Tha Carter III,2008-06-10
7xt2MWlSFHNP2NcHWE4W3b,Suit,2004-09-14
3tzENLaGyi3Jrb5AaoKrGG,The Story Goes...,2005-09-06
59AeQUlVYT08dOenfLmTWS,Come Home With Me,2003-01-01
3aAONJf7r1uJXF9ErDaJBx,King Of Hearts (Deluxe),2005-07-03
4HUUHHXBXImwksfbSPqE7q,Nellyville,2002-06-25
3mz9p3cA0Cl5oDUlpTxB0c,5,2010-11-12
673D6VTmxJquUg31Wq1j0S,Here I Am (Deluxe Version),2011-01-01
46tIBaFs0Ov0HJsCDrq1Kl,Street Dreams (Bonus Track),2003-02-01
6uADeQqYkdZqctA1AO6riB,Jordin Sparks,2007-11-20
44hyrGuZKAvITbmrlhryf8,Replay,2009-08-18
5Ol7UcvxuzeE34MqGivc0o,In A Perfect World...,2009-01-01
7lRRlf0zRaSki9s3YVRHcZ,No Boys Allowed,2010-01-01
2XA2ABExzXITs8XpT7jYsZ,DJ EFX Presents: Coast 2 Coast 128,2011-05-10
0aVJmVAeEx78nAA1rAKYf7,Jason Derulo,2010-02-24
6t5g3iBwXlDWXhSZbDonrJ,From Nothin' To Somethin' (Bonus Track Version),2007-01-01
6umODQfij1WhoGDhc7UCL8,Loso's Way,2009-01-01
44jrX3SThj7pFjOzUTLm85,Ready (Deluxe),2009-08-31
2taQZHFnaDwZPfBhLMAG0L,Back Of My Lac',2007-01-01
5t7BjMUC2HXa5cWDOWmnVg,Exclusive,2007-11-01
3LByoNjO4gbuX5D0u26LDY,X (Expanded Edition),2014-09-16
6df0qvkMXoyHGt9J8cujZb,F.A.M.E. (Expanded Edition),2011-03-22
493HYe7N5pleudEZRyhE7R,All I Want Is You,2010-11-26
44Z1ZEmOyois0QoAgfUxrD,Epiphany,2007-06-05
67kj88d9xbscqqG8EdMpIu,Rappa Ternt Sanga,2005-06-27
1dQGXePMNkrSavN2pxF48a,Playlist: The Very Best Of Bow Wow,2005-06-22
65G0BpV00GmLi5WUCeWdvT,Wanted,2005-06-27
5ruZPk2RxBoRzzwYswpXXs,The Essential R. Kelly,2014-05-19
5GgUNqjHwNCwZ5GWNRROG1,Double Up,2007-05-25
1YI5yNJkzhBpN0BoK9AO4B,Rewind - The Collection,2017-03-03
32wD8Cv9HKBXiVumGQsZVL,Just a Friend - EP,2009-06-11
43iBTEWECK7hSnE0p6GgNo,The Emancipation of Mimi,2005-01-01
4XYeXtHzp0x7wzgUyasKBA,Definition of Real,2008-06-10
0hDy52fqKwb2ZIjyNXGxan,We Are Young Money,2009-01-01
5Qex4ioxOJfHrnsWbt8Zlj,Passion Pain & Pleasure,2010-09-13
2JdjS6jjOml7nt7Yjo0nnh,A Girl Like Me,2006-04-10
6UHhmTLl9T1scRYLmpHcDX,Loud,2010-11-16
23Y5wdyP5byMFktZf8AcWU,I AM...SASHA FIERCE,2008-11-14
0Zd10MKN5j9KwUST0TdBBB,B'Day Deluxe Edition,2007-05-29
6oxVabMIqCMJRYN1GqR3Vf,Dangerously In Love,2003-06-24
1gIC63gC3B7o7FfpPACZQJ,4,2011-06-24
2UJwKSBUz6rtW4QLK74kQu,BEYONCAe [Platinum Edition],2014-11-24
1uuSC0RCJB3dSp8Mb6GflZ,Tha Carter IV (Deluxe),2011-01-01
3T1fgMprST5C4hhl19Xv40,Best Night Of My Life,2010-12-17
3mNAV7P7KJzBxmrWfjtocw,Love Vs Money,2009-01-01
2kn0q8gu2DmgodwRSVNQqI,Naked,2005-05-05
2peB0xKYHSlIWc5boFA6PW,Here I Stand,2008-05-27
6W8ZsoinSMViZMh9aYK7gQ,Wildheart (Deluxe Version),2015-06-26
3pKTKC0AAe3yTcXQLzvpSW,Trigga Reloaded,2015-06-23
4PeZu0It7qVrTG40t3HM9A,Talk Dirty,2013-09-10
5vfnsOgLqsgmEb3vGyc2FO,I Am Not A Human Being,2010-01-01
7oc6i8xUILaWwQ5BJMZS3c,Tha Carter IV (Deluxe),2011-01-01
31tCg5RXhY5jpagfCPcQa2,Future History (Deluxe Edition),2011-09-16
1OdcBxCNY52OXH0r4odXqP,Tattoos,2013-09-10
7DMyQuDPe8xzjC0UDSDa96,Late Nights: The Album,2015-12-04
21XMv0TCsnhWPt7MNVvkzD,Kaleidoscope Dream,2012-09-28
6JCNOvp9UeMrFuXwNW0JW6,Jordin Sparks,2007-11-20
0VaAFegRAAn4OCg7p4QjN5,Spirit,2005-06-29
51HDsvvActcDmYy7NQl6oL,Pink Friday (Deluxe),2010-01-01
1aMtc9GO9PE3bqFd0pu4C4,Wide-Eyed,2018-07-20
1JawI0XkEwmQ5Bwef3RMbq,World War Joy...Takeaway,2019-07-24
03Rd91m56yw4XklwHF9FHq,With You,2019-06-14
7kfmxCSUfWF9KdFONdC4JY,Demons,2019-05-17
7vrpY8wM34sFteQRSPS2Na,I'm Not Alright,2019-07-12
1hG9qANsJg5lYm36MYun97,Ashes,2016-02-15
5rvIgXvAPGWspXY4rDLkeU,Awake,2017-09-21
02NhNhhyNfv5OdlJw4jUpj,Automatic,2015-09-25
1ONuDpN0a3zhCUyKCgtuzK,World War Joy,2019-05-31
3oVJurbGWETjeZX4FGdyHp,Potions,2019-05-31
5Iz89vLs781T7u1xOgIPSZ,Doubt (Summer Edit),2016-08-23
7mgjbCQ1gzFbASVLgD8YbV,Inside Out,2016-04-01
45cbX3kwbjmrtqirDudUKl,Do It All Over,2018-06-15
025njwSJ67gymZaZ7i3rHh,Lines of the Broken,2017-05-16
3KHPqtzQKRPKup29xEQWtg,album1,2018-09-21
4VT2smjUwrP73Ni00hyLta,Duality,2016-11-18
0Odff7jOaeYb1Ojflax3lt,Superhuman,2017-06-23
3jMnO9ehAlTTCxNeVMu1zY,So Far Away (feat. Jamie Scott & Romy Dya),2017-12-01
1mkYtDUqknlmk67znOMgqD,Everyday Everyday (feat. Nevve),2018-01-26
3VzsvmhnUb9OZ59bq2aoNZ,A Moment Apart,2017-09-08
6AlGumFcIStOHQqyhBs9Vn,Winnebago (feat. Quinn XCII & Daniel Wilson),2018-04-20
4VOj6KgAaOqAUS9bp6z6jp,Gravity Pt. 1,2018-12-14
573kBvCmNE0OMqdKFaik7Y,Found You,2017-04-04
5G7go9EeotMk9RfLETBDgJ,Call On Me (Remixes),2016-10-18
69JIvWeQ2QbV8NLxR1jVKW,Blood Of My Blood,2017-10-20
6wdVJiC2DENXX7yE02Jym2,The Wave,2018-02-09
5Og1PZOwpUkL8slf11stBq,Remind Me to Forget,2018-03-16
0xmaV6EtJ4M3ebZUPRnhyb,All We Know,2016-09-29
0ESgJoM5wkGsJiUFxRBUum,Take Her Place (feat. A R I Z O N A),2017-10-27
6h654pdajm6rzUYVziSx2m,Pyres,2018-03-30
30MPFTzdoKIPqOpHJ3bpky,All That's Left,2016-01-11
1ja2Hj0eg6I18sDx4SzK5G,1993,2019-02-22
0Q1vmayY0FXOO3eNI1Ghtj,Almost Back (with Phoebe Ryan),2018-04-27
1YB42DQZ7h7VX95BRiu1Hi,Love Is Gone,2019-05-10
0szEHgK4uEjj94h0dtpuLX,Still Life (Remixes),2014-05-16
14qZ1kKG6UoQnBupQTtYRq,It's Strange (feat. K.Flay),2015-10-22
7toy7pb6WIQAOWCMcwGBOQ,Crystal Eyes,2018-09-28
4IYvXJnU8zPRzPPTu4dJUl,Good Things Fall Apart (with Jon Bellion),2019-05-13
4ZIaWbFnkMozASM1CA59K6,So Close (feat. Georgia Ku),2018-11-02
60xcVwuQJAOyu11xf9mObS,ASCEND,2019-08-16
61rFepa8XkgHCMhF8ko2g5,Turn off the Lights (feat. Alexis Roberts),2018-02-23
4x8ntCBQnK5nyh7uxxMt5v,Same Page,2019-01-11
2h02acEtvQMO2UXAJUTMAU,Breathe 2.0,2018-11-30
5fdOdwz8cbVpIao1CXSApt,Down For Life,2019-06-21
4sMKpm2A6sas1VgRyyod29,Heaven,2016-11-11
1ucoJJlCX7BO9faZrjcfLN,Mine (Bazzi vs. Nitti Gritti Remix),2018-08-29
3uKLwDjku2Us0c81LEmftR,Adventure (Deluxe),2015-03-30
3GTuto6NDtZegL6idSk183,Not Ok,2019-05-23
7sdQhihZ1vBu3gG755Alr8,While We're Young - EP,2018-07-13
7wufuX5VOkpdsAMxXIekGT,Never Letting Go,2018-11-09
0OK35duHpTPnvqya2d4pnn,There for You,2017-05-26
1t8ItjqrMd4Ig94hwtcRKe,Kitsune: Weekend - EP,2014-01-26
1FOJ5IXGXe8dl0cXvCU6wK,In the Name of Love,2016-07-29
78EicdHZr5XBWD7llEZ1Jh,Happier,2018-08-17
2Sq9AIsIrad2GygwB6QLPt,7,2018-09-14
5a0tfBvMpXErrPwGqtT1QD,I Am The Elephante,2016-09-13
2KNznzqSZr1PDPfEuktDWC,Glass Mansion,2018-06-15
6n6SaVZBwZUqw0teSCzJ0q,WANT U,2017-05-11
17zVhrzfIc7Fb5FspAahe0,Don't Give Up On Me,2019-03-29
6bfkwBrGYKJFk6Z4QVyjxd,Skrillex and Diplo present Jack Au,2015-02-24
0jA9f3vWPvXz1VIobXKjQa,Forgot How To Dream (feat. K.Flay),2019-01-18
6JyzqXybffD4HoZchWfa5O,Say Less,2017-04-05
5yscEifoZw3M3abIVCr8ed,This Mixtape is Fire.,2015-08-14
5G987h8uFAMrgBKNs5BAcu,Hurt People (with Aloe Blacc),2019-05-17
429B3se6xtZuvblNnS2iy7,Electricity (with Dua Lipa),2018-09-06
4bLCVUEB9YWKEeaJm8FfqQ,Close To Me (feat. Swae Lee),2018-10-24
5ZsK5SUsZilbAJ4B0vRVxF,Intense,2013-05-03
1VFgefav92A6JzlPSUatzV,Neon Future III,2018-11-09
38MFjDPIDJFfLF7IVpe1rv,Pursuit Of Happiness [Extended Steve Aoki Remix (Explicit)],2012-01-01
24X0wvKPNMpNDRCcd1vDC2,Belong,2017-12-15
1TgJXcoFJ7BN0NiViN7wtx,Blood Sweat & 3 Years,2016-06-24
0fnhGErI5xy7fNuzLP4aDx,What About Us (The Remixes),2017-09-15
0XftTANTilREiQvG1h8rL0,Finest Hour (feat. Abir),2018-04-12
1CXDHsSaA7UgUPvRm2AVRH,Can We Pretend (feat. Cash Cash),2019-04-11
1jFMKSzefY0ZlPqFcX6ure,Easy,2019-01-11
6jmeG5l8ltMgtu8XFGB30A,Forget About Tomorrow,2018-01-30
3feYPmyPH7tqh1ZfsU0D0i,Burn Out (feat. Dewain Whitmore),2018-09-14
0xbuJLlb5afBcmCpdOaszR,Summer Days (feat. Macklemore & Patrick Stump of Fall Out Boy),2019-04-25
0hOcVr0YaFMYqIljOZ0Aht,FUTURE (Deluxe Edition),2018-02-09
31bzOwlYdZLgzXfu0J7Xr0,Heaven To Me (feat. Alex Clare),2018-08-03
0gPsK5ociyyzUPy2cZO5BI,King Of My Castle (Don Diablo Edit),2019-01-18
1cBoBrARkIfC4wGhxlK2qB,High Hopes (Don Diablo Remix),2019-01-11
6x9cb2rhDXkQ5kw1eobSnK,Anthem (We Love House Music),2018-06-08
1vlt3ZZeHbtRWKOFu45TEJ,Brave,2019-04-26
6KsRfwqrwWjV3GpqX019k2,Caskets (feat. FKi 1st),2017-06-09
0LOJHhz9ybWLVMLucHYtCe,REMEDY,2018-08-31
5jvjk9SrZpNbMEpCvlfoo4,Lost My Mind,2019-01-25
4Q68FnYm5mNmg8HGXsBGeF,Crazy Love,2016-08-19
5YAyfZ8ahc69f6bBjkdHkx,Daydreams,2015-08-28
46gd3a0VDh86Y9Q1eoZc8F,One More Weekend,2017-03-31
1YP04hLFtYCzc3BYy7v4ne,Favorite Sound,2019-03-08
1n8ESe5nt7EeuZedZUI3yu,Shelter,2016-08-12
7AJPV0L05IyIBid97AvwVD,Worlds,2014-08-12
1fP5UnRB0WNWNHSZRHsRCR,Feel Good (feat. Daya),2017-03-03
0r4kwvT0acmAl59N6H4Pjk,Fractures (feat. Nevve),2017-02-06
1QgBdCdPWnE9cL7pm5GJLX,Crawl Outta Love,2017-08-07
2UmyoeqqgaI7Ocsmy1hHfx,How to Love (feat. Sofia Reyes) [Remixes],2016-05-27
5SXT6dwhHX56Sos7KMcMF5,In Return,2014-09-08
69t8rpgBN1ov5kCU6LDMuR,Tie Me Down (with Elley Duhe),2018-08-03
7GpuEZzRrPT4IGiEuWaBzy,NOVA,2018-07-27
7DNmxxEuJe19wNVrinaXx4,The Aviary,2017-09-15
21R2CiMVZH2MY514Sq2DIG,Kids At Play- EP,2018-10-26
0hvr8IdynQ1X1LHo3ahfii,Last To Leave (feat. Caroline Ailin),2017-12-08
0i7gI9SlKIZxdz2Jl2dyfp,Love Is Alive,2017-01-27
2GXio0SFIId04Yy9inAqnp,When I'm With U,2018-12-07
11t999cj3x48JaRSde6s8p,Painting With Dreams,2016-09-09
02sEJTj1sye1JaqxqpcSCp,Encore,2016-08-05
2gcqSlK5xTxcpuLZ1iik3Z,Final Song,2016-05-13
6buSUFSCXUIj3DOH3gUoRe,Don't Leave,2017-01-06
0kgy48FPwyVepPIaiO2w7G,Nights With You,2017-04-21
1FpDXwc94CBtSfdDp8nBrM,U Found Me,2018-10-05
3Lyu7NctI2QfKiO6eLHjsb,Show Me Love (Remixes 2),2015-07-24
2v9rQe4F8fVSh5v8bAq0jF,Scared to Be Lonely,2017-01-27
4D13M99kn4kSlPt5ZtYy8R,Dreamer,2018-11-01
6vFJ1Vpi66ODqZtAZp5GBN,Home,2018-10-12
0pm25h4mEG11O8CJkNXJwH,First Time (feat. Dylan Matthew),2018-10-12
3ZLP4gT36JCBPH0PZUUcPj,Worlds Apart,2014-04-29
24ZhIfDRtc1buuN8J9bWQm,Crashing (feat. Bahari),2019-01-25
6LaLU27ZPXimJIbpbiOahr,AVƒ™CI (01),2017-08-10
0uMIzWh1uEpHEBell4rlF8,Cloud Nine,2016-05-13
3Nlbg1BHLXDKqQVQ9ErCmg,Born To Be Yours,2018-06-15
6nAjd2MlBY1f1mNu6BsWLO,Happy Now,2018-10-26
4VNy5ifZtW3E9SgffbGEti,It Ain't Me,2017-02-17
4hlAdqONoJhkjf8u9XMjQr,All Falls Down (feat. Juliander),2017-10-27
5HMjpBO0v78ayq5lreAyDd,Faded,2015-12-04
2afNG92zO2m0WT1FvU8PvA,Indian Summer,2015-06-09
5TS42SVHSUrRj89XXmT3Ku,Feels (Jai Wolf Remix),2016-03-09
506KmUOs8htO2ZjY9l7zGx,Lose My Mind / Telepathy,2019-01-14
4hDWpf0Qzqve5fxouwIt0I,Without You,2017-09-29
0xLM3GiU0ZSstvhmeV0hmf,All You Need To Know (feat. Calle Lehmann),2019-03-27
3LPgJ1KHNnn1HKoPNpVN0u,The Good Life,2019-03-01
18tkabueTngwILFwNNe77s,Bass Jam,2017-02-24
1GUfof1gHsqYjoHFym3aim,High On Life (feat. Bonn),2018-07-29
7KJTuTXYSnBGNgAxte3CSg,No Sleep (feat. Bonn),2019-02-21
2r2MCufMRaTCdQ90MafZ0L,Sleep At Night,2018-09-14
6Jwpxghteb64iHg6ftMnNo,Awake,2018-04-06
69uMZg4AQLs8Z2NBa9pFtF,Youth (feat. Satica),2016-05-26
0W9irJBx21wWffraFZMd79,I Love It,2018-05-18
5LKilxrPSOHakkR3V56YYZ,Whole Heart,2016-08-26
04aSmz3QKJZDy9llsMz7YU,Weekend,2016-07-01
52c2O1mvqnfAVjX9QNC5yd,Forever Neverland,2018-10-19
2W50SMws1B3adBoEDmwA0t,Nothing To Hide,2019-03-08
7juWTdmjo0vYywWu8HiQxs,Clarity,2012-01-01
6dJAqemnQqc33N9uEzV9vX,Kindred Spirits (Remixes),2017-11-17
3salrhdv1lcrEom5JxU2Of,Be the One (with Kaskade),2019-04-05
4JAGEhLAuXZI6LvCH37fDC,Redux 003,2019-05-10
4Yo4vneja64fF2YT5iunOk,Sweet Memories,2016-08-26
3d0kltye1eEt6vbHZJSJVE,ALESSO MIXTAPE - PROGRESSO VOLUME 1,2019-03-08
1fgSS7d1R3fin79TUkhuxW,We Rise,2015-02-23
0yqxLz2pJKmM6mTitWrJVt,Fun,2018-05-11
647Fq4w3G1lqfi210TCblk,The Trip EP,2017-12-26
4QcXq4vTVN7dFb7bZa9jG2,Pharmacy,2015-06-05
1eZMpxx8AbnGo0qKSWzpT5,Animals,2013-07-01
4EV2HGPHQpUu4cPxJTP0OT,Gold Skies,2014-07-01
2GNtmwsvrBPWHl8aaOXJMp,Pizza,2017-08-25
7D7hZbj2cLXwozxYePDF6d,Who Do You Love,2019-02-07
3SDHTZyc0Bc84ePaIzchrd,Untouchable,2015-05-18
4jKdXIJckKh7la6xHuKwRT,True Colors,2015-05-18
7dqftJ3kas6D0VAdmt3k3V,Stories,2015-10-02
1s9tU91VJt4sU5owi29GD3,TRUE,2013-09-13
1m3mf7xkXIwssVriaaTjOS,AVƒ™CI (01),2017-08-10
0h2knr6qpiAq0tV5ri5JMF,The Days / Nights,2014-01-01
48zisMeiXniWLzOQghbPqS,Motion,2014-10-31
7zFHC5p1ylePX7dNxln5iJ,Forever,2017-10-20
4SHlBT6B3kL8bdj6X2xHRp,A Town Called Paradise,2014-06-13
2v4Crisjd4sT782Jvn7ISC,Alone,2016-05-13
1D3EWVRc6CXgB4hNkWLx4s,Reach For Me,2019-02-22
6OWcBFdfI15aown78xchVh,You Don't Even Know Me,2018-09-20
2LZwWAjsqA2xIldp2c6kRX,Northern Lights,2016-10-14
2lgg2PUfG59Sw1bFaV4Ic2,Alive,2019-02-01
2oNVXh7sbLEjd1HiNNQmPv,Ocean,2018-03-30
3LEt4EbyHyfllGhqKC4YC0,Easy,2013-01-01
4MRcN8PhMhBe84tcPLe2QJ,A Moment Apart (Deluxe Edition),2018-11-30
5JdLqOdUxTZkyAb1MEYj8P,Rush Over Me,2016-10-10
24FFBFTNl0Rraus5wPoQnH,Language,2012-04-10
4ZoXNDicq0MrsGk1pM883o,Better When You're Gone,2019-02-08
0tRVSbmOwilUucqjzU0fQw,Forever,2015-05-26
4MJYvwpi2vgctW2J9k054i,Bap U,2014-10-07
2R84WEj22piG284vbYrYuB,Long Way Down,2018-05-07
1ABYsJwhqu0MoN3HVn3tKi,GUD VIBRATIONS,2016-10-26
3OROYFrGA2gjAvTMsmFPvk,Blame,2018-01-05
0gEZcQnr9znzClpg2ts5qm,Together,2019-04-26
4p3CULd5VeCSikL0PYkoP3,Secrets (Radio Edit),2015-04-03
0f1CZexom6ELxbDZx32fyk,Seven,2016-10-28
3fhLXBEvsG3Tfu2Yj4vSPF,Falls (Kaskade Remix),2018-10-02
3BAaYERimsEWJ1Y16O5tIs,Stay For It,2017-06-02
5qgsN7IYrWz8xNDOY6JULX,Arcus,2019-02-08
0lP0PvboXJiQwW6ytRM2cQ,Surrender,2014-09-16
0xsj2FvWNWj9cdRhv7f1UM,ID,2018-09-25
1WbGbweiSKcYFqyFiiMf9s,Where The Wild Things Are,2017-07-24
2exLV5mQB8e2cWVoFUgkyv,Somewhere Else,2014-07-01
5D60ybhsD5Mvont9TQyxvX,Lift You Up,2019-01-18
6KAg2SM1g7F2c1aJcgKRwr,Take You Down,2018-08-03
1Uep7LKPuG9SYGgwW4E86j,EDM O' CLOCK,2019-02-27
01qg2NyYGYdWT5UrW3VI61,Island (feat. Nevve),2019-01-04
2UhFiwfCva5YJUu2zudUg3,Oceans (feat. NKOLO),2017-07-28
6LebF31h6hxienjBsnFEMf,Kneel Before Me,2018-08-09
4mqkTdZJthZll5vRFW15ct,The Headbangers Ball,2018-11-29
1Qz4MkALq8nrOBZy0UPRKN,There x2,2018-02-02
3f3XdsftL1mF8LBTduqECp,Like That,2018-12-07
1DCg2NhX15z5fOKfMwXMnw,Gold (Stupid Love),2018-07-17
2lRY5mltiOiMqT9nBcdXfK,Party Time,2019-04-04
0apj0CT5rr2dFWJgp80WKU,Latency,2018-10-16
28DX5MHDKHdqLJ4UUHmzve,Game Over,2018-04-20
4MHazsAH37ZQPg8wPxBTFT,X,2017-03-10
36EtVEn1SVViW6Pi8rD9n8,Mistaken (feat. Alex Aris),2019-03-31
5dv1oLETxdsYOkS2Sic00z,BYLAW EP,2018-10-19
6p6nQDOigGebNcarqElr9x,Mixed Signals,2018-12-14
4AExImjvtepZPtVMnVucxP,Move Back,2018-04-06
0IsgaoqRfJAJ6wojxWDZ7C,How You Love Me,2014-01-01
4kdiaJTXkQyP19AblZMI0v,Stars Tonight,2019-06-11
3Nsx5D5kh0IKQrTWfCrtX8,Rescue,2019-05-15
4QDj3qMyXkHvLwe8Ily200,We Could Be Kings,2018-09-07
6r41CMBKSxirkmFxBUEZLC,You Know,2015-03-02
4OQqxllqlZ5I3LuMByAMvO,Vibin,2018-05-25
5dc5giDkyh4PTuMGXZAHX3,Save The World,2019-01-18
6r2qIfnFSsBtB4ikKTF0T6,Babatunde,2018-09-07
662MMKEWOxGXbPXQIcgBlW,Joytime III,2019-07-03
7ddVNROorwQFlIXFAkqqhy,wait,2018-05-16
0HIRmwaEvVDN5yH4I3jNZC,Peace: Remixes,2019-07-04
5ToqIs21reKgXrcudt1tYW,HOWSLA,2017-05-05
6n7kM0mcw7v7UbHgqu5NMF,Heartbeat,2016-12-21
1VhovPB7FEnZYM8mDVt2Ph,Your Eye,2018-09-12
5WjHcDhm8fz902QG931nHN,First Breath,2017-02-08
3NSZnpQT83DUEcyyQXA6OO,Hard To Say Goodbye (feat. Chloe Angelides),2019-11-22
4PDOjrNbN6zklCC1I9wktR,First Love,2019-02-05
6fZfS2mCLxlXt4MVSedvXj,Get Your Wish,2020-01-29
3VCPQRcHVxiVaePlQ6TwoF,Body Back (feat. Maia Wright),2019-10-18
2IAVHJdaRPFA6MQqXHoG75,Gravity,2019-10-24
6jd5jHj3j3dakL1cKvzMEC,FEELING GUD,2020-02-07
742dpn7EzKscmLaqEkDCNE,Sunburn,2017-08-15
3Gm1gQdIyBEPJVQUs7rYfr,World War Joy...Push My Luck,2019-11-08
7AkKHgxhTKZm8cdJ7V0Aq6,Matches,2017-03-03
4309GpSGqkWBCDwGiSxqA6,Where Would We Be,2018-02-16
6Ad1E9vl75ZB3Ir87zwXIJ,TIM,2019-06-06
1hgbAIyPDZYa8Bqf7b2nx5,Love No More,2018-08-31
1qSOaTvsCOyFJya3v1UzkP,Lose Control,2019-10-11
0cqRGWD3uc5Lggpducn5nD,Piece Of Your Heart,2019-02-01
3p52GP73vQ2BlG9rzzyBXe,Bangers[2].Zip,2019-08-14
4pYGR19avWwTwXzVfRxJvf,Evolution EP,2019-09-13
6gts5SbABS6J4eTtJcPGD2,Broken,2019-08-16
6KkbFwzheF8nNAJSq1ZvlZ,R U I N,2019-02-15
6zAoh1dmY6dDlkh9CSO5Im,Apex,2018-08-14
4f9voI47wfAZIp0UgwGy6o,Awake (Remixes),2018-06-18
7JIFhAVKsud7W5VdzO3rye,THE DROP,2017-11-22
7LrUsHOfpeADHeijtuJ9jU,First Time (feat. Dylan Matthew) [NGHTMRE Remix],2019-09-27
7i1y3M1yMiixRhD6lV3qou,GUD VIBRATIONS (Habstrakt Remix),2019-09-24
4mLHrfxTw2amPH8MTwNOSP,After All,2016-10-26
1FwNmoYClabOwh8SzmmALG,Breathe,2016-03-21
3YmZ8uEUfLiTenSgig3pW1,Sound of Where'd U Go,2018-05-11
1tg87oAA2P03durAgHNRo1,Certain Kind of Magic,2018-08-03
353UtuPDEl2a8dLHlc8Oiz,A B Y S S,2018-10-31
52vZKQID1SqrbDnzE0Je5K,The Silence Is Deafening,2016-01-22
0iPD7Qr7nagkhzLUN9JQek,Into The Abyss,2020-02-19
6yNq56Py7PppTGP5HueKcP,Hell on Earth,2019-12-03
619kcHTNa2X9kVvNcjQ7Mf,Find Paradise,2018-10-05
74QDKjozyPBLijXC380KhU,Lose Myself,2017-03-17
2R7PeUrbSseLkirdasHPqg,Ashes (Remixes),2016-12-16
61nujsPo1XzQNO6ajm3upZ,Afterlife (feat. Echos),2015-12-17
2HdVN8t95rrGXWDkr0Pc3x,1000 Faces,2020-01-24
1Mql8894aEnE9lIUdNvY57,Run,2020-03-18
6ZJTfkwx9c1F9ZDyT1Cqay,The Free World,2020-02-07
58RaTQA8XsNG9T7tl5n0ac,Unleashed,2019-08-14
0TOA4uvHXuKn8egytjoCF9,Hello Goodbye (feat. Heather Sommer),2019-06-20
6XksTsraziHCTkhT141Qsw,Wake Up,2017-01-31
7t7HicGTQDBm4q0PrngKaH,Breakable,2020-03-11
5ZPmDoI7KOf5HPgwXUUDfH,GHOSTS,2019-11-22
4SoWaMbDJpWdkMeyCIEUVb,I'm Fine,2018-11-30
61qmlRt6j5ot7LkUUx4Lth,Glass Hearts (How Much You Mean),2019-01-25
5UoZTtEmZrby2dID9cuOQP,Lost Boys,2016-09-12
1E8JEbr8Bc0cbkouFEmd11,Hilo,2017-11-17
1QjesramaqYhraggfVKqdY,Moon Love,2018-03-16
5NToLmDgH4V64h5f3Xzhkn,NEW WIP,2019-05-09
09dfll1eY4PRh0nSWIuFBi,Til the End,2018-03-23
19BEw2sFfBtPLnQKGuxb82,Already Know,2019-08-23
53PFX7qmIogSGbSCHMpDv9,Holding On,2020-01-17
0APlxVPUoB5XbufgbeeNzZ,Only Now (feat. Tyler Graves),2020-02-21
45hTiiH7JpJx1P5TN6iDDG,Red // Blue,2016-12-02
7eEEgsIa4yh8wKIVcNbcxe,Next Life,2019-04-12
41JcySyB2ps5j4bt5LPReq,Starlight,2017-04-07
6ZvDJs17O3woQirttKRYCG,Sick Boy,2018-12-14
1mphFKSXZBzN35UF4KrdRc,Rail Breaker (feat. Rico Act),2017-08-11
0DyjPXjpnEACNx29ABZJSo,Disciple X Jericho,2018-06-21
3QVdK6zaqj2PzgeOh5QomG,Butterflies,2020-02-13
7FC3PCxIMzpi5srhhSmmJ7,Into You (feat. Karra),2018-06-22
700jIZKk7zxZWVsN0vyEJd,Mammoth EP,2018-10-05
3HfafFafT8iakxbyniKAAf,Best For You (feat. Selah Ford),2019-10-18
4uMtvWQxnNxGDE9Cp28OOQ,A World Away,2020-01-24
6EVYTRG1drKdO8OnIQBeEj,My Everything (Deluxe),2014-08-25
3wpdeV1FZfiEnelZSfAFp4,Good Thing (with Kehlani),2019-09-27
1I4W7JKzYbl8VKRfD61DIS,Stay,2017-02-23
18pR217SWwBjODSRWFBw0I,Starving,2016-07-22
4xak0izXQHOMV9Wu1mDAAy,Clarity (Deluxe),2005-07-04
2gbt9lCAiW2JJqc9Kbcas6,Smile Without U (feat. Nevve),2020-01-24
5jlfz88EPcULVoVMxD171B,Crusade,2020-02-25
1n7yjwouZiDCmvMeAQFQxi,Sell Out,2019-02-08
18DJQxU3hiX7meD56cuPl7,VOYD Vol. I,2018-07-30
4vPi417GIyreDLamFQVZJd,Free (with Drew Love),2019-11-06
6se6q5nk4VCVbWWnZcguCc,Presence,2017-11-10
2On33uhLKdn7nhqYtWvxhX,Escapism,2019-11-08
7rU4vsRIhRRfMt3qy6ADND,Drown (feat. Clinton Kane),2020-02-27
6TtycqPPwkFce4Hx7opOAJ,Little Things (with Quinn XCII & Chelsea Cutler),2020-04-03
68ORvGqWXloU4WOUOdW8bm,Calling (Lose My Mind),2012-01-01
7thKR3tw162CqNqIRdwZ3z,Call on Me (Radio Mix),2004-09-10
5aM6uSFMlOBFaLMeg9K9cI,Horizon,2018-05-18
5x5JrmNVIv1D9RHK3RyAJ1,Hero,2019-10-16
1pWFIuIovMzZ7OzvHKsT3W,See The End,2019-07-26
6eCcHcXmVsvDuhPpCx93rd,Where I Won't Be Found,2017-06-05
6xu7HUCLoFEkZsAOEndLpD,One Thing,2017-11-17
67bF4s11NHmoi7cnwJcEMM,Deep Down Low,2015-07-10
7ucaFUhqAnSzPy037wpcZ2,Chasing Tail (Madnap Remix),2018-05-11
2gUJErMHt6BoUBIFdlU5rN,Wild Youth,2019-03-22
4BaMTvlMSxP1TaNWrm95Jx,Leave It All,2018-08-10
6NjGSlcPZwXDPRHcS7gVth,Blame (Tim Gunter Remix),2017-11-17
0EpvOJWX82nFsll8xfOow5,Stay,2016-08-19
0veJ44hugjYNglYR5RociA,Love Is Alive (feat. Elohim) [Remixes],2017-09-01
4neTB9SjCkIA6arrDu7JoO,Medusa (Chet Porter Remix),2017-11-10
5fq9jExm6vCH37OliV0x3i,Life of a Wallflower Vol. 1 (Remixes),2019-12-20
6H6LJIaOw10O3WnmKwTSPQ,Awakening,2015-12-11
5NtG3FTjuLNQPUhs60sebC,I'll Wait,2020-04-03
1okJLjW2q0KbARmSd9EH3V,Lay Your Head On Me (feat. Marcus Mumford),2020-03-26
17S4c0rf1RXLZ0u4ez15E5,Hold Me Close (feat. Ella Henderson),2020-03-27
3QgFzksD4J43TnGIJOOrRV,The Difference,2020-03-11
0QFMqnSP2kBMTrbfNkj3SB,Settle (The Remixes),2013-06-11
7Fg3ZnH71oqPnuNNUMYK5w,Red Light Green Light (For Club Play Only Pt. 6),2019-02-22
5x01RHhYOt1GuC1oz6PTe4,Easy (Kaivon Remix),2018-06-15
51pv0ZowpwnstNG77uLoEV,New Rules (Alison Wonderland Remix),2017-08-25
5PfEtYfR13izbJCJZe3pj0,For You,2019-02-22
5mqYHH6SXCQxqxUxAjKRFZ,Petals from a Rose,2019-08-28
47wyCwrChF50ZTFNOuWx99,BOOM,2018-01-26
4I2qcrUxk37AoJOMjiOCvu,WOW,2018-08-24
63bTrVZUP6nrisVDZbkzSc,Heading Home,2016-01-22
5QAitMOxUFNdCzmbpkdGwt,Sober,2019-11-15
0WJIPz25jMYUpLMTM37eA6,Something About You (The Remixes),2015-08-21
7mtjKxnZh0ISlfYa149pTW,Can't Hide,2016-08-12
1HBbdAD7XMGn8ePLKzH9Iq,On Your Mind,2018-12-07
3nzuGtN3nXARvvecier4K0,Different World,2018-12-14
0hKOffv9vWtya3CkEXrVhO,Back To U,2020-04-24
1KUSf5HAG2nNfuFCtHJG8w,Worlds Apart,2014-06-03
6f9YCl4C1j9JYbEpqKWr1J,Virus,2016-10-25
54qisi0X9GjPyLA0MTlnSN,Worlds Away,2020-09-28
6CqsldZjVGphwQk9wEBiKE,Nightlight,2020-08-28
10TrNEhtpuxcnfNqveZqU9,Coming Home (feat. Linney),2020-10-09
38nzrsW9xZYtccPVQLbmVb,bb u ok?,2020-12-01
5vx0tMplUSVNnIqmZf0szl,A Thousand Dreams EP,2020-12-04
0HMxv5hPKUbDMKX7WtPTg5,Smoke (with Lostboycrow),2020-12-09
3tTXXRhbXp2WK0DPdIlAfI,Safe House,2020-10-28
6bv8in7to4fH7M0UmNC1Yo,Beyond The Horizon EP,2020-11-06
02i9hRnqpmp5N1KfGWRFQP,Your Fault,2020-11-19
7jOpNmgc2qpGOxwOpanK8B,Hurts Sometimes (with Jonathan Mendelsohn),2020-10-23
2Ds60s4LcHcb77dNQm22kA,ASCEND (Remixes),2020-05-15
1116PKIKlArm87HVaPtonW,A Town Called Paradise (Deluxe),2014-06-13
3ArLEdO46J7zsEgnlyLmmp,Divergent: Original Motion Picture Soundtrack,2014-01-01
5o2HQx2gn126dQ0RCYQUsF,Happy Where We Are,2020-11-05
3CWYvhScPEskXPOYiXG8SH,rubberband,2021-01-20
0gEzvwL2JVcY0HJbiOSvxL,I'm not Pretty,2021-01-08
66FPnVL9G4CMKy3wvaGTcr,drivers license,2021-01-08
5boy0Dm6JWz7YP8yIWdiyg,Girls Like Us,2021-01-12
4E8puNI8tw7cXz6YJkwMew,Lo Vas A Olvidar (with ROSALAçA),2021-01-21
6JISV6SiJtQnIsNC6OVpUf,Skin,2021-01-22
0SNj1uja6FAoffAMOTdlLy,Lifestyle (feat. Adam Levine),2021-01-21
6DFajhqhakGIy5A8gy0LcZ,New Love (feat. Ellie Goulding),2021-01-21
18VcdfV5jJVjn10mh0vOYt,Vibez,2021-01-08
11X2d5C6rFBFZZUOCJLPt9,34+35 (Remix),2021-01-15
29K1jMNI9pOIzCG3rtzm0p,Talk About Love (feat. Young Thug),2021-01-08
5wf6uZP8SBgXlNkbIFNQJ1,Violent,2020-11-23
11zouC1DvzDXed5Oo8HHXv,cheers (with Wiz Khalifa),2020-12-25
0u19GSyQ4QeGJu9o0V0s0i,21st Century Vampire,2021-01-21
0cVSrL39wn0PkBm9PFf6G2,The Good Times and The Bad Ones,2021-01-15
5nAv0lNEyaR9IC0RR2UQiW,this is how you fall in love,2021-01-15
0eItNaBNC91NxyysINXARv,Hearts on Fire,2020-12-25
2E5YkarkawdVYhDaoygvih,The Business Pt. II,2021-01-21
1MmVkhiwTH0BkNOU3nw5d3,Hot Pink,2019-11-07
5vGdWMt1oHMAKGiwkZ8H6E,De Una Vez,2021-01-14
0a6mnIEhvLCsIKZNGRcjaK,Line By Line,2021-01-13
1EGlv1JGCUPolWU4qv7bsK,Monsters (feat. Demi Lovato and blackbear),2020-12-04
03Ca2xp6OijgKFUiEMiQTU,Blueberry Eyes (feat. Lil Mosey SUGA of BTS & Olivia O'Brien),2021-01-22
6CDPh3OAeHXOtZlyuaxELX,What A Shame,2020-12-09
4lWcXvzLSYlHcBFtMVZ5RA,Lie Lie Lie,2021-01-14
2z5swLenXPUPG79UfLU51I,Stay Next To Me (with Chelsea Cutler),2020-12-04
2AAt2TLcCV4LNFojyMwOoq,Love You From a Distance,2020-10-30
51kijm0sjZz0yOa3kVBPUU,Anyone,2021-01-01
3SdFuYwyWoq7kuaHdTDcyD,Goosebumps (Remix),2021-01-15
28Yv9BE6ZI6dccK0sxbEq4,Best Friend (feat. Doja Cat),2021-01-07
7B8XOfcdslOY6tcC5kcvt3,Buss It,2020-05-15
7F9yYqHRtIZnEGF2tANI4b,Your Love (9PM),2021-01-15
707Yo7tTEf4TYZVIVde1uM,Don't Play,2021-01-15
1zOCX2Lxi1jy7yEQSkjCMb,Deal With It (feat. Kelis),2021-01-12
781cKhbTPwLnPmo9BALQl7,Good Days,2020-12-25
4xhldRhsJY00rIkBFMe5yC,r u ok,2020-12-10
0Hi8bTOS35xZM0zZ6S89hT,drivers license,2021-01-19
7aQSug5yYLtISyxh9eEglW,Gasanova,2020-10-02
5p5cFBRERDfiNJlfABACP0,Chemtrails Over The Country Club,2021-01-11
2altfvjSV6RIRAE5Pmhw7i,Walked Through Hell,2020-11-20
239r63fqY8PyWX9WcgwNzP,Remember That Night?,2020-11-06
5bfpRtBW7RNRdsm3tRyl3R,Dreamland,2020-08-07
0i72GjB523RgrjK8HUa61B,Wasted Love (feat. Lagique),2021-01-08
5sIyJyOgwEIOgBhLxIGG3t,Bandido,2020-12-10
2yuQqhSklmfWgn8lmJNk5t,Nobody Is Listening,2021-01-15
5hUFZjxtqYvxm9FGUhHCdE,Bad Boy (with Young Thug),2021-01-15
3E1tSM6TIdeVmjDXZ0Xtsq,Better Off Dead,2020-12-18
4mNmrwxha3NNfEyciju5wc,fools (can't help falling in love) (feat. Sody),2020-11-13
2qBzKbaRm9IXomwL7jMdM7,Safe With Me (with Audrey Mika),2020-11-19
3Gy88OoWtHL93e8PQHiLTX,Stuck On You,2020-09-30
0Y0TSSqz4YbWKRbVC2r39e,No Chill (feat. Lil Xxel),2021-01-06
68KIeRyl26qz4Qkrv25FVm,Fallin' (Adrenaline),2020-09-29
5BRhg6NSEZOj0BR6Iz56fR,Plastic Hearts,2020-11-27
7FUNRteYv2Flt9Lr8JHFIR,Easy (with Kacey Musgraves feat. Mark Ronson),2020-12-10
0pMkbror5DyuBSl5yeUYTn,Shadows,2019-07-12
0wsQ9WVVhr3P9xZBEgdaPG,2021,2020-12-31
6JlCkqkqobGirPsaleJpFr,Dangerous: The Double Album,2021-01-08
5bb2Sf8jps2DTyI2urMThV,Afterglow,2020-12-21
0NZUGfUMwjt3bPlVHxnIN2,Little Bit of Love,2021-01-08
7B36GsLpC6IogfPjjkRlj3,Bang!,2020-02-12
6YPTwr9e07jNzBJgXbmoQZ,Dandelion,2021-01-08
4ZdRvkHcJzmDhweKxFdjUw,One Whole Day (feat. Wiz Khalifa),2020-12-04
2wIHInPRTBuGELQ3tdB3pc,Coco (feat. DaBaby),2020-12-04
5GGIgiGtxIgcVJQnsKQW94,Sweet Melody,2020-10-23
00yIpdpC0O5UFewLz6boJh,Nothing's the Same,2020-12-11
0kNjRXrrBrXGUFkGhf2HVI,Break My Heart,2021-01-08
0ZbL1OuBbDkhxh3ZZHUjtW,Perfectly Imperfect,2020-12-11
2Xoteh7uEpea4TohMxjtaq,evermore,2020-12-11
4SWYpB2IBlwzeyLEroUxso,Fly Away,2020-11-13
26c7MmQ4w8EAvVLb4jilaM,Heaven & Hell,2020-09-18
3MKvhQoFSrR2PrxXXBHe9B,Music To Be Murdered By - Side B (Deluxe Edition),2020-12-18
3RjX0PnYherdDTp2MWq0G1,acting like that (feat. Machine Gun Kelly),2020-12-02
1FNBevfbKAzZsgI2RpkkQQ,Small Town Boy,2020-11-27
5wjbd3QuTtEVuNRlIY0o4Q,Stay,2019-11-21
7CIDA4a6EIj1k88sln1tKl,Holding On,2020-11-20
2eORe6u9TPXYisYshyXVeH,Translation,2020-06-18
35c9iadFgrCWLY0tuJH23H,Fever,2020-10-29
2wUKHXscUlHKW0tEVVYqRs,Goodbye,2020-12-18
5uFXAG4F9SX86RS5RHWDsx,No Time For Tears,2020-11-26
3EENSiRh7KUBYPSufAU84x,Montgomery Ricky,2016-04-08
26g9o6rTzxnnrD2VNefpye,Nights Like This (feat. Ty Dolla  Sign),2019-01-10
3arnVIFA8u1Jy3p2tn4MFr,I Used To Know Her: The Prelude,2018-08-03
6jlrjFR9mJV3jd1IPSplXU,Thank Me Later,2010-01-01
6trNtQUgC8cgbWcqoMYkOR,beerbongs & bentleys,2018-04-27
5s0rmjP8XOPhP6HhqOhuyC,Stoney (Deluxe),2016-12-09
5qfhZ5YkZ4LhEUbYgjrWt6,Get You - Single,2016-10-21
04AgepNbaInpCwPDV2MjDc,Volume 2,2019-03-28
3TTHQTyBu7n3f48pwBtMDu,Honesty,2018-07-12
1LShhEEKRT5MNPcO7jtYHh,So Far Gone,2005-07-01
4E3FHEEdQkcuEd0D2GKRrX,Zephyr,2018-05-23
6R8UeugxGTPvPwFkLVqUqs,The Color Of You,2018-04-06
40GMAhriYJRO1rsY4YdrZb,Views,2016-05-06
3xybjP7r2VsWzwvDQipdM0,Freudian,2017-08-25
4uP43hIpmEEDuW7aOfiU2C,Pilgrim's Paradise,2015-11-12
392p3shh2jkxUxY2VHvlH8,channel ORANGE,2012-07-10
0ptlfJfwGTy0Yvrk14JK1I,If You're Reading This It's Too Late,2015-02-12
6kf46HbnYCZzP6rjvQHYzg,American Teen,2017-04-27
0pV0Mx07aMApIpF19oSQgY,H.E.R.,2017-10-20
71QyofYesSsRMwFOTafnhB,Coloring Book,2016-05-27
4mvxoogQn8p84Wz17zTHnJ,CASE STUDY 01,2019-06-28
5QBTekafQo0lH43ewstVZv,Figures a Reprise,2018-03-26
5EbpxRwbbpCJUepbqVTZ1U,Trilogy,2012-01-01
0QtPeJVJ7l0w7K6681fbaV,Get Lifted,2005-06-26
3o09FMrUQ5TVBUYb6msCMi,READY,2017-02-22
4CEAev7neETRdqBFtzA8B9,Love Lies (with Normani),2018-02-14
3mH6qwIy9crq0I9YQbOuDf,Blonde,2016-08-20
6Xrspi637ex7NEio0geFO4,Runaway (feat. Khalid),2018-03-30
34JNly8P6uZRKTGnmmLNAt,You Should Be Here,2015-04-28
4Hnz0SvIaKVJkuwe93fVy6,I Like U,2017-09-27
3529VMW5NQIjNUJj7jL0vz,No Replacing You,2018-07-26
0Y02D20QvaQqyCIueHDPnu,Volume 1,2018-11-02
2svsn7JwsFVNSrlqdmmppd,Triggered (freestyle),2019-05-08
2D37uNhXgherfImusGBKTx,Honey,2017-10-06
73ZvpuYhKDr2FW4vlPsTpW,While We Wait,2019-02-22
7CAAClnSiXdMibPT1oyl4k,Trip,2017-09-22
76290XdXVF9rPzGdNRWdCh,Ctrl,2017-06-09
6OGzmhzHcjf0uN9j7dYvZH,Chanel,2017-03-10
5wtE5aLX5r7jOosmPhJhhk,Swimming,2018-08-03
5zi7WsKlIiUXv09tbGLKsE,IGOR,2019-05-17
6f6tko6NWoH00cyFOl4VYQ,The Divine Feminine,2016-09-16
7dqpveMVcWgbzqYrOdkFTD,Care Package,2019-08-02
5NmHTG1AIpZ9yjwzih2Kni,Chilly,2017-12-18
3HLwiAL4LbHVwQaVCl3tnR,wanna take this downtown?,2019-05-17
4UNwL1B7JoymNUiTFJa52B,Suncity,2018-10-19
6bORev5aRxM5DzaQDUXWG7,Got Friends,2018-06-13
3fc97ZWLIMc1xawhxbKrh2,East Atlanta Love Letter,2018-09-14
5enEsi887wD3qGoMCK4jLr,The Weekend (Funk Wav Remix),2017-12-15
7uSaHPXSYaRB3FxLOmatG9,Provider,2017-08-27
2nkto6YNI4rUYTLqEwWJ3o,Flower Boy,2017-07-21
73TNMu44lT0m1h1Nn6Bfiq,Sail Out,2013-01-01
5tBOCi2TekXZ1IbrmlBZO4,I Told You,2016-08-19
6eZdwrhB97A3EYx9QppGfl,T R A P S O U L,2015-10-02
3i9w4RgUuxBxUVaarH91kx,Girls Need Love (with Drake) [Remix],2019-02-10
1lXY618HWkwYKJWBRYR4MK,More Life,2017-03-18
2Qxc2NJ7yPKVFRWi3llRr2,Suncity,2018-10-18
4KdtEKjY3Gi0mKiSdy96ML,Invasion of Privacy,2018-04-06
2ODvWsOgouMbaA5xf0RkJe,Starboy,2016-11-25
3N88bRVAwQrtKqSV0UgU69,My Dear Melancholy,2018-03-30
2FXGUAESmG5l9YPrzWPvHI,PARTYNEXTDOOR 3 (P3),2016-08-12
0P3oVJBFOv3TDXlYRhGL7s,Beauty Behind The Madness,2015-08-28
6DQxe5EW0vZ1AfaoD8thFq,17,2020-02-28
5jlE1zlhT3mEWw0mRpN920,Chilombo,2020-03-06
6b3LhhX9Lt2861Dsh3ZCC2,Slide,2019-09-27
04w2ildzatiXBlYq4AwIOm,Comfortable,2020-02-05
67ErXRS9s9pVG8JmFbrdJ0,Ella Mai,2018-10-12
3eM1KTKmpqrQOvuvYY42cr,Surf,2015-06-30
4yP0hdKOZPNshxUOjY0cZj,After Hours,2020-03-20
2gWDbNPfFcIR1EewwlvyqJ,After Hours (Deluxe),2020-04-03
2T8UlI17u5hwTqu6zkpkW7,PARTYMOBILE,2020-03-27
507vscnpu2fPaKmA5nC3pX,Ain't Nobody Takin My Baby,2016-12-23
1KdgJeKOFZ4fZteMqji9Rj,Sugarplum Elegy,2019-12-06
77PRAIWX97p7rnEwDjaG3U,Hard Place,2018-11-02
7BRuKFs9BFuba9TlMs2ZLd,Bigger Love,2020-06-19
0MJ0Sjfn5PCa4kpUbU31JR,Life On Earth - EP,2020-07-10
3Qj2vsFzmaB8jcH6Q60WIG,The Prelude,2020-07-17
153lLZKTVw25BTcLuXB8ME,A Muse In Her Feelings,2020-04-17
0jLynoED1FbV2Ky7vU6Pjc,SEPT 5TH,2016-03-27
3DB2RnzDwpcwQdXij6vLWI,Isolation Tapes,2020-05-01
6tbaSZ6Q72kofaJtscUwFA,LOVE AND COMPROMISE,2019-09-06
5LVi2qET36RvkLil7mJclb,Conversations in the Dark,2020-01-10
0Mcl4Qm47aTgoJ35CFGsQv,Isaiah,2016-12-09
7ahctQBwcSxDdP0fRAPo2p,Flicker (Deluxe),2017-10-20
7oiJYvEJHsmYtrgviAVIBD,Back from the Edge,2016-10-28
3zUe4xUe3Tk9c4OEf1u9Ee,Best I'll Ever Sing,2018-07-20
0ifM8RTX9HjtCJtY9452bW,come out and play,2018-11-20
6Vd7ZTFfhrtPuiQIqEN8XU,Falling Like The Stars,2019-05-10
61vVzMAkCK2V2Qyz04FzgQ,This City,2018-01-17
1xn54DMo2qIqBuMqHtUsFd,x (Deluxe Edition),2014-06-21
6Fr2rQkZ383FcMqFyT7yPr,Purpose (Deluxe),2015-11-13
1uyf3l2d4XYwiEqAb7t7fX,Doo-Wops & Hooligans,2010-10-05
4OTAx9un4e6NfoHuVRiOrC,Love In The Future (Expanded Edition),2013-08-30
2UazgeHRn78ytYZIgCIrbG,Sleeping With Roses,2018-06-08
02tIakRsIFGW8sO4pBtJgj,Neotheater,2019-04-26
3GU8BzFEAdFSRjc8jZkL3S,La La Land (Original Motion Picture Soundtrack),2016-12-09
3T4tUhGYeRNVUGevb0wThu,A∑ (Deluxe),2017-03-03
7AVvQhnDEUidKyJsXmQ7ju,i think you think too much of me,2016-08-19
7lqieLm717j9Z8JrG7POkS,I met you when I was 18. (the playlist),2018-05-31
6SWmGozzQDUaczHXMuE8Za,Malibu Nights,2018-10-05
1Ww9Yz5WDGdxBhS5FlVy6Y,In My Head,2018-05-15
4yKwChgdGpJzf2nn3nPHfP,Moral of the Story,2019-02-14
6DEjYFkNZh67HP7R9PSZvv,reputation,2017-11-10
3HR8mnPQ7Go27WPMTNR2um,Never Be the Same,2017-12-17
57lkUmA6WunanwJRN1RsGD,Evolve,2017-06-23
6sUOosXuYt0oUeczJRbedZ,Handwritten,2015-04-14
6AjREacSERvnQTe6GFTx3c,Shawn Mendes,2018-05-25
3xJzdYiYlc7CMtRXBpd9Qg,There's No Way (feat. Julia Michaels),2018-09-27
0JcMyAnJRTisEjYf9xEwkf,Love Someone,2018-09-07
2Jg7JZ0ZXOGje1bkq7CVgK,In The Lonely Hour,2014-01-01
2AJaA0is5qbaqFy77tPl7B,Illuminate (Deluxe),2016-09-23
7fRrTyKvE4Skh93v97gtcU,dont smile at me,2017-12-22
6fQ1xPtYMzoBiqvSO2LcpT,Naked,2017-11-24
7bOpX6Ilc9UCFmH9uGyUDy,Head In The Clouds II,2019-10-11
0488X5veBK6t3vSmIiTDJY,Before You Go,2019-11-19
0NVQ9k3wKmuK6T02lLMl6y,Breach,2018-11-08
5AHWNPo3gllDmixgAoFru4,Heard It In A Past Life,2019-01-18
7drYNu2imHk188vP81icR3,Lost Boy,2015-08-21
3LONldJV06J1AHEph6lopK,Let's Fall In Love For The Night,2018-10-19
4ow6xJwn49gpWz7iHpOzWY,10000 Hours (with Justin Bieber),2019-10-04
2oOAjpOoHkiOjFGsf2sION,How To Be Human,2020-01-17
1aNWsfl6osnt0NO7Kubknx,Ashes,2016-02-15
6Do68lYD1UfOmeBYtsxF18,Edition,2017-09-12
77EcAn5H4pGamI8JiwvP4T,idle,2017-10-27
1v4vLUUSUKlXUJ3V0NI7lo,Motions,2017-05-26
2rfQlUxHwQgeYDpCY0Ytrz,Snow In October EP,2017-10-06
7d5Sho1Dz3lqeyepVdqOCQ,Out of Focus,2018-02-16
5yv7CeuVtzTi3SbOjCMOJH,Real Friends,2017-12-06
6GIArZJaqTMv2x3xjJTsVl,Lights Down Low - EP,2016-10-14
7zGPSFi3LOIC1L5Dj0oEBx,From Michigan With Love,2019-02-15
16mjtcKPxpQ4ajFHmJ0hJC,brent,2019-05-03
2Dbm63Nwx511E4HclnQto6,vertigo,2018-01-19
1xpNb3oOnWsZJYQyomLe4Z,Blood Type,2018-02-21
6ZksrxRWlJ7ExylPyJwfLJ,In Tongues (Deluxe),2018-02-14
2utLlsPJXe11YMuLwH2rf4,Empty Space,2018-10-19
7ec9v6u7tdwxjAmDUbIJbc,TEST DRIVE,2018-10-16
6Whp0T7d1SAt4gDUNkWWD1,summer,2018-09-28
1Xf5RZ7zQjF2WEkk7KpZVi,Superhero,2018-08-30
6YFBWwUDdot8IjBZSYOacB,Head In The Clouds,2018-07-20
7snbuY5lclMPDpvdNmixPs,Your Shirt,2017-02-24
1TkwzY3l4LqAfrQwBAx45Q,deadroses,2015-02-14
7GlKKWLZgtYoPGxZxcBnTK,Weakness,2016-02-09
3zK38xJnIBbBwMXtZHwF92,My Favourite Clothes,2018-01-06
63Kr9mdWxT7mB2AKgf4rCa,YOU,2019-11-08
14lSyFVCuhvEoW7ogOIzD0,glisten,2018-05-04
4rTW2Lgkp1nwYw0jNIK2sI,Younger,2018-06-05
4FFdoMdORifF6Qt3ymDMB8,Dazed & Confused,2018-04-27
7BrlhEO8dHiNmU8A1Ep9RZ,If the World Was Ending (feat. Julia Michaels),2019-10-17
6EgJXcGqaUvgZIF9bqPXfP,~how i'm feeling~,2020-03-06
6DmXViJkaMpvIJnQTohJXJ,not ur friend,2020-02-28
1kfbFGL5zSzXv2p5usgNcs,always i'll care,2020-02-07
2UsD7KcPZQn8aO4tlFTOiG,oh mexico,2019-07-26
3vh5Rvh2LVovpYKhrnSndx,Break My Heart Again,2018-02-09
63iWSELt9V1kV6RSMxN7Ii,Changes,2020-02-14
4i3rAwPw7Ln2YrKDusaWyT,everything i wanted,2019-11-13
5oGJKFb3M2At4rwLBDFlTP,Selfish,2020-02-14
4UlGauD7ROb3YbVOFMgW5u,ANTI (Deluxe),2016-01-28
44D28vK3JSIQ7oQNAfoeBD,Foreword,2013-01-01
5G58VVE9ub1KE01Mvbd8XM,Therefore I Am,2020-11-12
3yVVL2EYLp8g7gT08VvYKy,Monster,2020-11-20
3jqEvfiu2ENgmgzZq27zbi,positions,2020-10-23
3ammnTkzxZhKONeV75MJ8A,Whoopty,2020-08-20
4EvukZrmNBiqJbs3LwOSHu,HOLIDAY,2020-11-13
4YMnOf4a7obOcN1Gy2QEuM,Mood (feat. iann dior),2020-07-24
1RWiRfdNZKDe8VXzzf2VEc,you broke me first,2020-04-17
3P5WIUJO0Ots1lQx09TOxk,Lonely (with benny blanco),2020-10-16
1dzGsItgF4Gp1G4TNsdoXU,MA°s Negro Que Rojo,2020-07-31
7wzcIKvtXDWs1VA2BMHuaY,All We Got (feat. KIDDO),2020-10-16
3II80i5KpS38r0QjNzu8ly,Take You Dancing,2020-07-22
7xV2TzoaVc0ycW7fwBwAml,Fine Line,2019-12-13
3zWmE5c3alhuoPLphxjMVd,Dynamite,2020-08-21
5tRhwDUyr3HypAaJysxUki,Daisy,2020-07-09
0KjckH1EE6HRRurMIXSc0r,Good News,2020-11-20
0qGdc7fNq9RNIPEzZufa43,Laugh Now Cry Later (feat. Lil Durk),2020-08-14
5g2INX6dnMIJG0xKygXwF3,Thats What They All Say,2020-12-11
7e7t0MCrNDcJZsPwUKjmOc,Shoot For The Stars Aim For The Moon,2020-07-03