artist_uri,artist_name
7y97mc3bZRFXzT2szRM4L4,Frederic Chopin
0oSGxfWSnnOXhD2fKuz2Gy,David Bowie
1dfeR4HaWDbWqFHLkxsg1d,Queen and David Bowie
1hCkSJcXREhrodeIHQdav8,Ramin Djawadi
2cCUtGK9sDU2EoElnk0GNB,The National
2dB3VxAmEw5Dqewiha1oO1,The Greatest Bits
6HWfXh9ErTOP7mSk7kxnf0,Chiptune Radio
0X1wtVNo8CVrMEKh8y8knH,GlitchxCity
4pAgH7ZVMfeEqm11iwwYjA,FalKKonE
1cSLWtq8penAi11GiMxgHc,Neku
1U2GH2NLt30RW9bnJEvcgM,Braxton Burks
5B0H8bMexCZKbc2UaVUzmF,MinecraftUniverse
1T7zBkQCOCacKjbnmFX7cp,GameChops
62GoYifV4njTdvS8lD2yYT,insaneintherainmusic
6gGEbIpUsOUFPu6o9erl9S,Zelda Cover Band
6i5jeqNyrzyfDwIiAfNdyF,Moises Nieto
6dOnTTVTbQlFWF6yfD4Vw5,daigoro789
52PmW6wfHfCkQq16XF7sJz,Manaka Kataoka
2EFkigEczkUGF0PWTBX8IR,Video Game Players
0LzeyDrlLtuyBqMSBN4z3U,Qumu
480xKab3lUPhBBnCzlzqIu,Taylor Davis
0cxNfEa3UFPqeMaUudfKtj,User Youth
3PfJE6ebCbCHeuqO4BfNeA,London Philharmonic Orchestra
123epI2OFu37F7VsnOBn9F,The Marcus Hedges Trend Orchestra
5NLlq8IzOUuqDYGPxoPkSC,Michael Tai
094Eb3gQkbFFT4seoZoMaS,Triforce Quartet
21Tp0aROiJGTa0BgFGsC6v,The Versions
2WC05LNhYfprewGa72WQhP,Wesley Sprayue
1v4YnufenjE9BLAfP90qvt,Arcade Player
0fagNxnyvy6FDvkNPt6X29,Monsalve
4cyHkKiXAQkIWXJ4pi2TIP,Franco Albertini
7eSzU0TjGXlVL3bXSexvo7,Hajime Wakai
3T7TTwTUPXYvIHsMOKHxx7,Kenta Nagata
36yuG9DyloDYqWKWRoYqPc,ViolinGamer
69EWJ8UVSlytt27VsEsQAw,Amy Turk
3LZIkCMVjsdCQWmbOgZXsE,Toru Minegishi
4aCvJneLXFoKTe1919Zk0J,PPF
1LgVvBvmQm48GExZDH322C,Good Knight Productions
30ur9OW63O3mffcjm0UpIF,Dan DeSimone
4ShgdWtm52xvEr8uYmT0V6,SEGA SOUND TEAM
1CRvJnCbPjgx0xmBdoex0c,Koji Kondo
0aTXD7f2nucmawx2XWTgMq,Rare Candy
6ImfL6wSxqhYl64AbsaNZX,TPR
1KkjjsBwGqU2YjS9OIucZV,Hyper Potions
0mSUBVwxfnwV4tue8JINCP,Super Mario 64
451UU345Ht2CuGIrkCQHYP,Retro Crowd
21VBNkZvKxrI9zmfFRxXvn,8-Bit Arcade
4uFZsG1vXrPcvnZ4iSQyrx,C418
4XU5f8nGiPMr6eetud6epC,Nitro Fun
3w1Q754jb31h5CXQCcnLNL,Capcom Sound Team
3OsRAKCvk37zwYcnzRf5XF,Moby
37aR5PqATWZwKvh9nkebho,dj-Jo
3pCoHlohSNQdXBNDxuWd12,VGR
7xYcJfhrRx9Iv8smhoEibc,Ephixa
3VYxuvrdxNbXmDIxiHYDqz,Mykah
5MboRLcEpLbsshOx64OdA6,Mikel
1IwzmBTWI4CzUNsZM7Zqd8,Dj Cutman
6xMMOflXnoIA3grU3seMjh,James Landino
6ffYP0xcFEFM2ysJbIsnSJ,SARE
2qxJFvFYMEDqd7ui6kSAcq,Zedd
2PYwh6PcmNFSq6UOEp3GPW,Kabuki
3dy5LypMH5vMuSVASxS1Rg,RoboRob
6x9SOZOqGwzZskEuhG9MG4,Terlia
2vMo8NPLGrfmsZlJgL8YRu,arthur x medic
1d9VzpAUZdgruidP0DB5Lh,Akosmo
1S5dTEp4fRoQgzFPDQYkQm,Kruai
2OUjqAiORUdVK9uQv59cyl,LemonDrop
1Bk5QRKPcjeDSZS6M75Q8z,Besso0
7mDeqeWZNHpjcI9u58xCZW,Epikuro
2tlkzi9VdGYgJrr7yXsC0I,SenPi
13YD4KsI3674BRH9k7vn7m,GonZealous
1nUPRPARk5pvKIEtx2d6M4,Bolide
44Tlzkl1NhWhqz2CatNmtP,Tudd
4FlHXRw6wYhFUzrylcjarO,Team Banzai
13rNJ8sWbjGYIUjqtHZvL2,None Like Joshua
2NVouBvhuFwdiQjXvyqEae,RoBKTA
2ybA7xujgu5CM8a1kCNAGL,Chuck None
4IF11U0nzFhAaLDGZH3vSx,RichaadEB
0aV1KJz6HWJuDCJaAmqiyA,Seth Everman
2Um7Dmlazw2717ChKlnjdI,DeFalco
6vC6QxsKxAx7ooXarW8JWZ,Ben Briggs
6wM3tYsLm3LMfEKIkl5SmY,Helynt
74ZWzuwsxGAt05s2sWtq0j,Coffee Date
2Z7mvjh6wiz5gUPwxsSyvJ,Jonas Munk Lindbo
4psLgnlvpmDqTcUI63G1Ag,Phonetic Hero
3yNDCk0iRKefkfpiPhaVPv,BLOOD CODE
6WRa5ohaBMu9somEwsvlGL,Clangon
2n0sjgdrfHYJT6B39cdvWW,Thaehan
4M4gexhCyv12RmbowD8xjS,Tune in with Chewie
0kVNa1qBak8arcwcUeLu90,Sleepdealer
1AILAN8RzQ9WYweBqYmRx5,Wizard of Loneliness
5LrXI2SwrD9P30B6CqOjNV,Marcus D
5Md4MCp7b9Nwg1NPWVNRXP,Chjolo
7F93sQ33frkSEdmSunHEcP,Jokabi
23zg3TcAtWQy7J6upgbUnj,Usher
21E3waRsmPlU7jZsS13rcj,Ne-Yo
7bXgB6jMjp9ATFy66eO08Z,Chris Brown
1Xfmvd48oOhEWkscWyEbh9,Lloyd
7G6hXrjGpi6I7waNl4wxAk,J. Holiday
3DiDSECUqqY1AuBP8qtaIa,Alicia Keys
20s0P9QLxGqKuCsGwFsp7w,Mario
0z4gvV4rjIZ9wHck67ucSV,Akon
2iojnBLj0qIMiKPvVhLnsH,Trey Songz
1W3FSF1BLpY3hlVIgvenLz,The-Dream
5pKCCKE2ajJHZ9KAiaK11H,Rihanna
55Aa2cqylxrFIXC767Z865,Lil Wayne
2gBjLmx6zQnFGQJCAQpRgw,Nelly
2JyWXPbkqI5ZJa3gwqVa0c,Craig David
7iMvwE8qANp3aIfAGKEAwS,Cam'ron
3AuMNF8rQAKOzjYppFNAoB,Kelly Rowland
0YWxKQj2Go9CGHCp77UOyy,Fabolous
2AQjGvtT0pFYfxR3neFcvz,Jordin Sparks
5tKXB9uuebKE34yowVaU3C,Iyaz
63wjoROpeh5f11Qm93UiJ1,Keri Hilson
1G9G7WwrXka3Z1r7aIDjI7,Outkast
360IAlyVv4PCEVjgyMZrxK,Miguel
3aQeKQSyrW4qWr35idm0cy,T-Pain
7352aRY2mqSxBZwzUb6LmA,Bow Wow
2mxe0TnaNL039ysAj51xPQ,R. Kelly
22282KfMxDo2PMjnBc82I4,Biz Markie
4iHNK0tOyZPYnBU7nGAgpQ,Mariah Carey
3jksrX4oBklxR78ft8gv3j,Plies
5OrB6Jhhrl9y2PK0pSV4VP,Young Money
6vWDO969PvNqNYHIOW5v0m,Beyonce
7LnaAXbDVIL75IVPnndf7w,Jamie Foxx
1goOx6gnQdUllLfSMsL4Rt,Marques Houston
07YZf4WDAMNwqr4jfgOZ8y,Jason Derulo
3KV3p5EY4AvKxOlhGHORLg,Jeremih
5lKZWd6HiSCLfnDGrq9RAm,Leona Lewis
0hCNtLu0JehylgoiP8L4Gh,Nicki Minaj
4LZ4De2MoO3lP6QaNCfvcu,Said the Sky
69GGBxA162lTqCwzJG5jLp,The Chainsmokers
6TQj5BFPooTa08A7pk8AQ1,Kaskade
04vdWVjgi45nrMAxeCEVQe,Bear Grillz
6t1gpxYbY8OlLA7D2RiikQ,Loud Luxury
45eNHdiiabvmbp4erw26rg,ILLENIUM
20DZAfCuP1TKZl5KcY7z3Q,SLANDER
7C3Cbtr2PkH2l4tOGhtCsk,Shallou
74xeHqz5Ap8ZHq69TkxI0r,BONNIE X CLYDE
0u18Cq5stIQLUoIaULzDmA,DROELOE
0jNDKefhfSbLR9sFvcPLHo,San Holo
60d24wfXkVzDSfLS6hyCjZ,Martin Garrix
4EukMPjtYsdi87lkU1hIxN,Manila Killa
21mKp7DqtSNHhCAU2ugvUw,ODESZA
2ZRQcIgzPCVaT9XKhXZIzh,Gryffin
1ikID9RZZMvkuBGDWrqajq,Kasbo
02A3cEvlLLCbIMVDrK2GHV,Starley
5X4LWwbUFNzPkEas04uU82,DVBBS
6cEuCEZu7PAE9ZSzLLc2oQ,R3HAB
23fqKkggKUBHNkbKtXEls4,Kygo
1l2ekx5skC4gJH8djERwh1,Don Diablo
7lZauDnRoAC3kmaYae2opv,Dabin
6MzxeKydmXufvX7HYPknFW,Dawn Golden
7wg1qvie3KqDNQbAkTdbX0,Louis The Child
0Y0QSi6lz1bPik5Ffjr8sd,Ekali
5jAMCwdNHWr7JThxtMuEyy,NOTD
5Igpc9iLZ3YGtKeYfSrrOE,Chris Lake
7ymczLNmjz6AVMGApVNWbB,Vincent
4YLQaW1UU3mrVetC8gNkg5,3LAU
1xT5p0VBpnZDrvVSjX9sri,Dash Berlin
0Z0T7qMFlcb0NfmrJ0Vu02,Bazzi vs. Kyan
4pb4rqWSoGUgxm63xmJ8xc,Madeon
4xnMDfgEmXZEEDdITKcGuE,Audien
5Xrk8HKFWj76Jonuerfupw,Mocki
64KEffDW9EtZ1y2vBYgq8T,Marshmello
1Cs0zKBU1kc0i8ypK3B9ai,David Guetta
3fjs4zbBFxEFFe8Wyojo0G,Elephante
0P2bZXPyjHYRW4guHVAFl1,ARMNHMR
0SfsnGyD8FpIN4U4WCkBZ5,Armin van Buuren
1HxJeLhIuegM3KgvPn8sTa,Jack Au
5R3Hr2cnCCjt220Jmt2xLf,Dillon Francis
2X97ZAqRKRMYFIDqtvGgGc,Silk City
0X2BH1fck6amBIoJhDVmmJ,Ellie Goulding
77AiFEVeAVj2ORpC85QVJs,Steve Aoki
0fA0VVWsXO9YnASrzqfmYu,Kid Cudi
1LOB7jTeEV14pHai6EXSzF,Cash Cash
1KCSPY1glIKqW2TotWuXOR,P!nk
521qvhdobR0GzhvU6TFw76,Tritonal
4XDi67ZENZcbfKnvMnTYsI,Jay Park
20JZFwl6HVl6yg8a4H3ZqK,Panic! At The Disco
7yPPzu5UdAK7yagQqjEZQm,Party Favor
4AVFqumd2ogHFlRbKIjp1t,Alesso
3dz0NnIZhtKKeXZxLOxCam,Porter Robinson
5eIbEEQnDM8yuDVB0bimSP,RL Grime
4sTQVOfp9vEMCemLw50sbu,Galantis
540vIaP2JwjQb9dm3aArA4,DJ Snake
0bdfiayQAKewqEvaU6rXCv,Mo
2FwJwEswyIUAljqgjNSHgP,Snakehips
20gsENnposVs2I4rQ5kvrf,Sam Feldt
7DMveApC7UnC2NPfPvlHSU,Cheat Codes
6fcTRFpz0yH79qSKfof7lp,Seven Lions
1vCWHaC5f2uS3yhpwWbIA6,Avicii
7vk5e3vY1uw9plTHJAMwjN,Alan Walker
24V5UY0nChKpnb1TBPJhCw,Jai Wolf
4u5smJBskI6Adzv08PuiUP,Kiiara
3n2H1XlCyS1WQ0vyVUFEma,YULTRON
11gWrKZMBsGQWmobv3oNfW,Alison Wonderland
4m1yRHUMhvB8gKAJTjK4kO,Boombox Cartel
4FCzCS0KEgb0rgySWINItO,CID
73jBynjsVtofjRpdpRAJGk,Dimitri Vegas & Like Mike
7CajNmpbOovFoOoasH2HaY,Calvin Harris
2o5jDhtHVPhrJdv3cEQ99Z,Tiesto
67qogtRNI0GjUr8PlaG6Zh,Zeds Dead
2n7USVO8fO8FF8zq4kG2N1,Mat Zo
2rTo8KIkBTFjQS7VvaKYQ4,W&W
76M2Ekj8bG8W7X2nbx2CpF,NGHTMRE
32Aw9aJJoXXC1Vn3zqzJbQ,TV Noise
41rVuRHYAiH7ltBTHVR9We,Slushii
5FKchcZpQOkqFvXBj1aCvb,Excision
4GWqzTTt2uA9Ms6HfUhWUn,Florian Picasso
4aKdmOXdUKX07HVd3sGgzw,Rezz
1YYJxpOXYk1z1WtqdeLMkn,Habstrakt
24Hb4GKFYquK73R8mTyInu,KLOUD
4Ok1Cm5YX5StCQZgH0r2xF,PEEKABOO
0rSZHzeyKxdfnQLoTIbq6U,ilo ilo
5he5w2lnU9x7JFhnwcekXX,Skrillex
55FVjkpZs1zuo3zqBgrKtC,Kaivon
6jsjhAEteAlY0vCiLvMLBA,ROZES
0xRXCcSX89eobfrshSVdyu,MEDUZA
25oLRSUjJk4YHNUsQXk7Ut,GRiZ
5nd7jnne7zbsV2J5jBKNOY,Gammer
0A8ej3hXTozbQAMhcU8RNb,Adam K
7oB4pCSzvvRtZka6DxXUfN,1788-L
714O3xvBNiclo82vxBn8Bf,k?d
6CCTvLyIHqUhY6VQizt150,Jason Ross
2fNr4ldujwq97v1jWeqs8K,Kai Wachi
72iCiKwu6nu6Qq9emIwzYv,Kayzo
4E69riquObrTmBTVuF1b7B,graves
16yUpGkBRgc2eDMd3bB3Uw,MitiS
5CdJjUi9f0cVgo9nFuJrFa,Adventure Club
2Zxy5LwBatI5kw4uponwHQ,Riot Ten
6hBrJJrcYoNhvLC6KaFR4b,Eliminate
7d5SfGXKpgS3JK8BFIq59h,William Black
1Uyqa2sdHm1bL5JK4IC4zc,Wooli
4AT7XlLBevgZIiKvZQ83ye,Trivecta
66CXWjxzNUsdJxJ2JdwvnR,Ariana Grande
5p7f24Rk5HkUZsaS3BLG5F,Hailee Steinfeld
2u01kCKA5wDvvztuH8lyT0,SVDDEN DEATH
6gK1Uct5FEdaUWRWpU4Cl2,Petit Biscuit
6hyMWrxGBsOx6sWcVj1DqP,Sebastian Ingrosso
5sm0jQ1mq0dusiLtDJ2b4R,Eric Prydz
10gzBoINW3cLJfZUka8Zoe,Above & Beyond
0deIjoDjl9g9Zpw0sCIOHh,Valentino Khan
2KPQ6PYAZapLEwMmkzbQxC,Win and Woo
1BjaGDkxwa2fb2pSCXlFXb,Chet Porter
245PKF3hKjtxJKIG153kF0,Kailee Morgue
0vqJkZ0RpLZixt3lTmD8vP,Whethan
738wLrAtLtCtFOLvQBXOXp,Major Lazer
6nxWCVXbOlEVRexSbLsTer,Flume
6nS5roXSAGhTGr34W6n7Et,Disclosure
61lyPtntblHJvA7FMMhi7E,Duke Dumont
6M2wZ9GZgrQXHCFfjv46we,Dua Lipa
20lmiQy576CSBPz0VJHmnC,yetep
4csQIMQm6vI2A2SCVDuM2z,Hayden James
0ouPTYWjHfprRwZH76ivWi,Feather
7aB2KbM3pphL9mU3dXbyh2,Far Out
45dkTj5sMRSjrmBSBeiHym,Tate McRae
6DdbeAeBlrYj8bNToZv4TY,JESSIA
1McMsnEElThX1knmY4oliG,Olivia Rodrigo
03d2mJXSMtuPI0nIvLnhoS,Zoe Wees
6qqNVTkY8uBg9cP3Jd7DAH,Billie Eilish
74KM79TiuVKeVCqs8QtB0B,Sabrina Carpenter
5ZsFI1h6hIdQRw2ti0hz81,ZAYN
1Xylc3o4UrD53lo9CvFvVg,Zara Larsson
2hiq2iBnUik3mrOfEgRSpB,carolesdaughter
2cFrymmkijnjDg9SS92EPM,blackbear
5nDdaia3PDYD0x4zBEHGtg,LILHUDDY
2jnIB6XdLvnJUeNTy5A0J2,Why Don't We
3gIRvgZssIb9aiirIg0nI3,Jeremy Zucker
5cj0lLjcoR7YOSnhnX0Po5,Doja Cat
0C8ZW7ezQVs4URX5aX7Kqx,Selena Gomez
66W9LaWS0DPdL7Sz8iYGYe,JP Saxe
46gyXjRIvN1NL1eCB8GBxo,All Time Low
1bqxdqvUtPWZri43cKHac8,MAX
6HpIVA13SPof8sYuXRUfxj,Leyla Blue
4VdV2qRAYBLINR6uU72V1J,Joshua Bassett
3ApUX1o6oSz321MMECyIYd,Quinn XCII
1Zi1c8sWZTy5rDiN3lAuEj,Ashley Kutcher
1uNFoZAHBGtllmzznpCI3s,Justin Bieber
0Y5tJX1MQlPlqiwlOH1tJY,Travis Scott
6cK3NBO6uP7hh0oyuVELFl,Saweetie
2SXhbucehn00OBVKhzxDyM,Erica Banks
7jZM5w05mGhw6wTB1okhD9,ATB
1zNqDE7qDGCsyzJwohVaoX,Anne-Marie
3PyJHH2wyfQK3WZrk9rpmP,Ashnikko
7tYKF4w9nC0nq9CsPZTHyP,SZA
6Y64EaNqpqcZYTgs4c76gF,jxdn
2YOYua8FpudSEiB9s88IgQ,Yung Gravy
00FQb4jTyendYWaN8pK0wa,Lana Del Rey
2jHp7gQArCQrlMvdrIVFCg,Anson Seabra
7Lk9V7E1u5gqSHmtcKlOqH,Sara Kays
4yvcSjfu4PC0CYQyLy4wSq,Glass Animals
4AKwRarlmsUlLjIwt38NLw,Ofenbach
7iK8PXO48WeuP03g8YR51W,Myke Towers
4MCBfE4596Uoi2O4DtmEMz,Juice WRLD
6vCIRD06VaQwwaZS0TqiCz,Foster
4fxd5Ee7UefO4CUXgwJ7IP,Giveon
5YGY8feqx7naU7z4HrwZM6,Miley Cyrus
3WGpXCj9YhhfX11TToZcXP,Troye Sivan
7FtCyCJCJaxabYO7Uyda5B,Cannons
5JZ7CnR6gTvEMKX4g70Amv,Lauv
4oUHIQIBe0LHzYfvXNW4QM,Morgan Wallen
6eUKZXaKkcviH0Ku9w2n3V,Ed Sheeran
5SHxzwjek1Pipl1Yk11UHv,Tom Grennan
6s22t5Y3prQHyaHWUN1R1C,AJR
3DKkhRCGOG4e8IUPYFPfWs,Dixie D'Amelio
6fWVd57NKTalqvmjRd2t8Z,24kGoldn
3e7awlrlDSwF3iM0WBjGMp,Little Mix
6sFHvCyqklnJpXC9Nh1aag,Alexander 23
2TAqN8fwfaKauvviN4pOsv,JC Stewart
6bh228LGC3eAzbplPWV02r,Declan J Donovan
06HL4z0CvFAxyc27GXpf02,Taylor Swift
2NjfBq1NflQcKSeiDooVjY,Tones and I
4npEfmQ6YuiwW1GpUmaq3F,Ava Max
7dGJo4pcD2V6oG8kP0tJRR,Eminem
6Ad91Jof8Niiw0lGLLi3NW,YUNGBLUD
3klZnJvYGIbWritVwQD434,Duncan Laurence
4tuJ0bMpJh08umKkEXKUI5,Gracie Abrams
6ASri4ePR7RlsvIQgWPJpS,iann dior
1yxSLGMDHlW21z4YXirZDS,Black Eyed Peas
5rGrDvrLOV2VV8SCFVGWlj,Imanbek
2gduEC76ry33RVurAvT05p,Nathan Dawe
0ZUvK7zGdXLd78mQr3t1Tw,Ricky Montgomery
0cGUm45nv7Z6M6qdXYQGTX,Kehlani
3Y7RZ31TRPVadSFVy1o8os,H.E.R.
1Xyo4u8uXC1ZmMpatF05PJ,The Weeknd
3TVXtAsR1Inumwj472S9r4,Drake
246dkjvS1zLTtiykXe5h60,Post Malone
20wkVLutqVOYrc0kxFs7rA,Daniel Caesar
1W7FNibLa0O0b572tB2w7t,Pink Sweat S
2kxP07DLgs4xlWz8YHlvfh,NIKI
6hfwwpXqZPRC9CsKI7qtv1,Alina Baraz
2h93pZq0e7k5yf4dywlkpM,Frank Ocean
6LuN9FCkKOj5PcnpouEgny,Khalid
1anyVhU62p31KFi8MEzkbf,Chance the Rapper
3KedxarmBCyFBevnqQHy3P,Jessie Reyez
5y2Xq6xcjJb2jVM54GHK3t,John Legend
7HkdQ0gt53LP4zmHsL0nap,Ella Mai
1LzWWI9v4UKdbBgz8fqi15,Tayla Parx
5ZS223C6JyBfXasXxrRqOk,Jhene Aiko
4LLpKhyESsyAXpc4laK94U,Mac Miller
4V8LLVI7PbaPR0K2TGSxFF,Tyler the Creator
5XenQ7XfcvQdfIbpLEFaKQ,GoldLink
4IVAbR2w4JJNJDDRFP3E83,6LACK
2jku7tDXc6XoB6MO2hFuqg,Tory Lanez
2EMAnMvWE2eb56ToJVfCWs,Bryson Tiller
57LYzLEk2LcFghVwuWbcuS,Summer Walker
4kYSro6naA4h99UJvo89HB,Cardi B
2HPaUgqeutzr3jx5a9WyDV,PARTYNEXTDOOR
0ojcq9LJQWMawQdFDw3M0L,Donnie Trumpet & The Social Experiment
1z7b1Pr1rSlvWRzsW3HOrS,Russ
7e1ICztHM2Sc4JNLxeMXYl,dvsn
16rCzZOMQX7P8Kmn5YKexI,Mahalia
5lXfVoQxVgC5fpjkVqvNYn,Isaiah Firebrace
1Hsdzj7Dlq2I7tHP7501T4,Niall Horan
4IWBUUAFIplrNtaOHcJPRM,James Arthur
2RVvqRBon9NgaGXKfywDSs,Maisie Peters
6L1XC7NrmgWRlwAeLJvVtA,Sam Fischer
0du5cEVh5yTK9QJze8zA0C,Bruno Mars
5JMLG56F1X5mFmWNmS0iAp,Chelsea Cutler
6kXm2YCtdUOpRYNKeKhfue,Ryan Gosling
1t20wYnTiAT0Bs7H1hv9Wt,EDEN
49tQo2QULno7gxHutgccqF,LANY
4K9aclpXgCPNFGEqRlFPal,Peter Manos
6P5NO5hzJbuOqSdyPB7SJM,Ashe
4nDoRrQiYLoBzwC5BhVJzF,Camila Cabello
53XhwfbYqKCa1cC15pYq2q,Imagine Dragons
7n2wHs1TKAczGzO7Dd2rGr,Shawn Mendes
25u4wHJWxCA9vO0CzxAbK7,Lukas Graham
2wY79sveU1sp5g7SokKOiI,Sam Smith
1AhjOkOLkbHUfcHDSErXQs,88rising
4GNC7GD6oZMSxPGyXy4MNB,Lewis Capaldi
4NZvixzsSefsNiIqXn0NDe,Maggie Rogers
2WzaAvm2bBCf4pEhyuDgCY,Ruth B.
37M5pPGs6V1fchFJSgCguX,FINNEAS
7z5WFjZAIYejWy0NI5lv4T,Dan + Shay
7pbDxGE6nQSZVfiFdq9lOL,Rex Orange County
6iWuBN32BqCJAeXW6o3nil,Cautious Clay
3MZsBdqDrRTJihTHQrO6Dq,Joji
2joIhhX3Feq47H4QXVDOr3,RINI
4rTv3Ejc7hKMtmoBOK1B4T,Ali Gatie
5xkAtLTf309LAGZTbvULBn,Ruel
2kRfqPViCqYdSGhYSM9R0Q,Madison Beer
1vSN1fsvrzpbttOYGsliDr,Tori Kelly
7arQA31aZVS8yS6zUveWzb,CJ
7jVv8c5Fj3E9VhNjxT4snq,Lil Nas X
0eDvMgVFoNV3TpwtrVCoTj,Pop Smoke
4q3ewBCX7sLwd24euuV69X,Bad Bunny
790FomKkXshlbRYZFtlgla,KAROL G
6MPCFvOQv5cIGfw3jODMF0,Internet Money
6TIYQ3jFPwQSRmorSezPxX,Machine Gun Kelly
2NfSBtmWe7oPw1EmetJVso,Boza
7MPGCB854Qo4alYMOPkBka,Ritt Momney
3t5xRXzsuZmMDkQzgOX35S,Robin Schulz
2tIP7SsRs7vjIcLrU85W8J,The Kid LAROI
6KImCVD70vtIoJWnq6nGn3,Harry Styles
3Nrfpe0tUJi4K4DXYWgMUX,BTS
181bsRPaVXVlUKXrxwZfHK,Megan Thee Stallion
2LIk90788K0zvyj2JJVwkJ,Jack Harlow